"paper_id","rel_path","type_gt","group_gt","data_granularity_gt","data_format_gt","validated_at","annotator"
"0956797616672268","ntwek/Putnam_Sungkhasettee_amp_Roediger_Materials/Materials/PSR Psych Science E1 Materials/PSR_Psych_Science_E1_Materials/Misinformation06_Control_lastrun.py","code","ex1",NA,NA,"2026-03-31T16:15:04","Levi Baruch"
"0956797616672268","ntwek/Putnam_Sungkhasettee_amp_Roediger_Materials/Materials/PSR Psych Science E1 Materials/PSR_Psych_Science_E1_Materials/Misinformation06_Control.psyexp","code","ex1",NA,NA,"2026-03-31T16:15:05","Levi Baruch"
"0956797616672268","ntwek/Putnam_Sungkhasettee_amp_Roediger_Materials/Materials/PSR Psych Science E1 Materials/PSR_Psych_Science_E1_Materials/Misinformation06_Detection_lastrun.py","code","ex1",NA,NA,"2026-03-31T16:15:05","Levi Baruch"
"0956797616672268","ntwek/Putnam_Sungkhasettee_amp_Roediger_Materials/Materials/PSR Psych Science E1 Materials/PSR_Psych_Science_E1_Materials/Misinformation06_Detection.psyexp","code","ex1",NA,NA,"2026-03-31T16:15:06","Levi Baruch"
"0956797616672268","ntwek/Putnam_Sungkhasettee_amp_Roediger_Materials/Materials/PSR Psych Science E1 Materials/PSR_Psych_Science_E1_Materials/slideSeqSelectorA.csv","supplemental","ex1",NA,NA,"2026-03-31T16:15:17","Levi Baruch"
"0956797616672268","ntwek/Putnam_Sungkhasettee_amp_Roediger_Materials/Materials/PSR Psych Science E1 Materials/PSR_Psych_Science_E1_Materials/slideSeqSelectorB.csv","supplemental","ex1",NA,NA,"2026-03-31T16:15:17","Levi Baruch"
"0956797616672268","ntwek/Putnam_Sungkhasettee_amp_Roediger_Materials/Materials/PSR Psych Science E1 Materials/PSR_Psych_Science_E1_Materials/slideSeqSelectorC.csv","supplemental","ex1",NA,NA,"2026-03-31T16:15:17","Levi Baruch"
"0956797616672268","ntwek/Putnam_Sungkhasettee_amp_Roediger_Materials/Materials/PSR Psych Science E1 Materials/PSR_Psych_Science_E1_Materials/slideSeqSelectorD.csv","supplemental","ex1",NA,NA,"2026-03-31T16:15:17","Levi Baruch"
"0956797616672268","ntwek/Putnam_Sungkhasettee_amp_Roediger_Materials/Materials/PSR Psych Science E1 Materials/PSR_Psych_Science_E1_Materials/slideSeqSelectorE.csv","supplemental","ex1",NA,NA,"2026-03-31T16:15:17","Levi Baruch"
"0956797616672268","ntwek/Putnam_Sungkhasettee_amp_Roediger_Materials/Materials/PSR Psych Science E1 Materials/PSR_Psych_Science_E1_Materials/slideSeqSelectorF.csv","supplemental","ex1",NA,NA,"2026-03-31T16:15:17","Levi Baruch"
"0956797616672268","ntwek/Putnam_Sungkhasettee_amp_Roediger_Materials/Materials/PSR Psych Science E1 Materials/PSR_Psych_Science_E1_Materials/slideSequences/slideSeq1-2.csv","supplemental","ex1",NA,NA,"2026-03-31T16:16:13","Levi Baruch"
"0956797616672268","ntwek/Putnam_Sungkhasettee_amp_Roediger_Materials/Materials/PSR Psych Science E1 Materials/PSR_Psych_Science_E1_Materials/slideSequences/slideSeq1.csv","supplemental","ex1",NA,NA,"2026-03-31T16:16:13","Levi Baruch"
"0956797616672268","ntwek/Putnam_Sungkhasettee_amp_Roediger_Materials/Materials/PSR Psych Science E1 Materials/PSR_Psych_Science_E1_Materials/slideSequences/slideSeq2-2.csv","supplemental","ex1",NA,NA,"2026-03-31T16:16:13","Levi Baruch"
"0956797616672268","ntwek/Putnam_Sungkhasettee_amp_Roediger_Materials/Materials/PSR Psych Science E1 Materials/PSR_Psych_Science_E1_Materials/slideSequences/slideSeq2.csv","supplemental","ex1",NA,NA,"2026-03-31T16:16:13","Levi Baruch"
"0956797616672268","ntwek/Putnam_Sungkhasettee_amp_Roediger_Materials/Materials/PSR Psych Science E1 Materials/PSR_Psych_Science_E1_Materials/slideSequences/slideSeq3-2.csv","supplemental","ex1",NA,NA,"2026-03-31T16:16:13","Levi Baruch"
"0956797616672268","ntwek/Putnam_Sungkhasettee_amp_Roediger_Materials/Materials/PSR Psych Science E1 Materials/PSR_Psych_Science_E1_Materials/slideSequences/slideSeq3.csv","supplemental","ex1",NA,NA,"2026-03-31T16:16:13","Levi Baruch"
"0956797616672268","ntwek/Putnam_Sungkhasettee_amp_Roediger_Materials/Materials/PSR Psych Science E1 Materials/PSR_Psych_Science_E1_Materials/slideSequences/slideSeq4-2.csv","supplemental","ex1",NA,NA,"2026-03-31T16:16:13","Levi Baruch"
"0956797616672268","ntwek/Putnam_Sungkhasettee_amp_Roediger_Materials/Materials/PSR Psych Science E1 Materials/PSR_Psych_Science_E1_Materials/slideSequences/slideSeq4.csv","supplemental","ex1",NA,NA,"2026-03-31T16:16:13","Levi Baruch"
"0956797616672268","ntwek/Putnam_Sungkhasettee_amp_Roediger_Materials/Materials/PSR Psych Science E1 Materials/PSR_Psych_Science_E1_Materials/slideSequences/slideSeq6-2.csv","supplemental","ex1",NA,NA,"2026-03-31T16:16:13","Levi Baruch"
"0956797616672268","ntwek/Putnam_Sungkhasettee_amp_Roediger_Materials/Materials/PSR Psych Science E1 Materials/PSR_Psych_Science_E1_Materials/slideSequences/slideSeq6.csv","supplemental","ex1",NA,NA,"2026-03-31T16:16:13","Levi Baruch"
"0956797616672268","ntwek/Putnam_Sungkhasettee_amp_Roediger_Materials/Materials/PSR Psych Science E1 Materials/PSR_Psych_Science_E1_Materials/slideSequences/slideSeq7-2.csv","supplemental","ex1",NA,NA,"2026-03-31T16:16:13","Levi Baruch"
"0956797616672268","ntwek/Putnam_Sungkhasettee_amp_Roediger_Materials/Materials/PSR Psych Science E1 Materials/PSR_Psych_Science_E1_Materials/slideSequences/slideSeq7.csv","supplemental","ex1",NA,NA,"2026-03-31T16:16:13","Levi Baruch"
"0956797616672268","ntwek/Putnam_Sungkhasettee_amp_Roediger_Materials/Materials/PSR Psych Science E1 Materials/PSR_Psych_Science_E1_Materials/slideShow1/04.JPG","asset","ex1",NA,NA,"2026-03-31T16:17:23","Levi Baruch"
"0956797616672268","ntwek/Putnam_Sungkhasettee_amp_Roediger_Materials/Materials/PSR Psych Science E1 Materials/PSR_Psych_Science_E1_Materials/slideShow1/07-creditcard.JPG","asset","ex1",NA,NA,"2026-03-31T16:17:23","Levi Baruch"
"0956797616672268","ntwek/Putnam_Sungkhasettee_amp_Roediger_Materials/Materials/PSR Psych Science E1 Materials/PSR_Psych_Science_E1_Materials/slideShow1/12- ones.JPG","asset","ex1",NA,NA,"2026-03-31T16:17:23","Levi Baruch"
"0956797616672268","ntwek/Putnam_Sungkhasettee_amp_Roediger_Materials/Materials/PSR Psych Science E1 Materials/PSR_Psych_Science_E1_Materials/slideShow1/21-close.JPG","asset","ex1",NA,NA,"2026-03-31T16:17:23","Levi Baruch"
"0956797616672268","ntwek/Putnam_Sungkhasettee_amp_Roediger_Materials/Materials/PSR Psych Science E1 Materials/PSR_Psych_Science_E1_Materials/slideShow1/27-nobody.JPG","asset","ex1",NA,NA,"2026-03-31T16:17:23","Levi Baruch"
"0956797616672268","ntwek/Putnam_Sungkhasettee_amp_Roediger_Materials/Materials/PSR Psych Science E1 Materials/PSR_Psych_Science_E1_Materials/slideShow1/29-c.JPG","asset","ex1",NA,NA,"2026-03-31T16:17:23","Levi Baruch"
"0956797616672268","ntwek/Putnam_Sungkhasettee_amp_Roediger_Materials/Materials/PSR Psych Science E1 Materials/PSR_Psych_Science_E1_Materials/slideShow1/30-necklaces.JPG","asset","ex1",NA,NA,"2026-03-31T16:17:23","Levi Baruch"
"0956797616672268","ntwek/Putnam_Sungkhasettee_amp_Roediger_Materials/Materials/PSR Psych Science E1 Materials/PSR_Psych_Science_E1_Materials/slideShow1/33-left.JPG","asset","ex1",NA,NA,"2026-03-31T16:17:23","Levi Baruch"
"0956797616672268","ntwek/Putnam_Sungkhasettee_amp_Roediger_Materials/Materials/PSR Psych Science E1 Materials/PSR_Psych_Science_E1_Materials/slideShow1/34-hit.JPG","asset","ex1",NA,NA,"2026-03-31T16:17:23","Levi Baruch"
"0956797616672268","ntwek/Putnam_Sungkhasettee_amp_Roediger_Materials/Materials/PSR Psych Science E1 Materials/PSR_Psych_Science_E1_Materials/slideShow1/40-nothing.JPG","asset","ex1",NA,NA,"2026-03-31T16:17:23","Levi Baruch"
"0956797616672268","ntwek/Putnam_Sungkhasettee_amp_Roediger_Materials/Materials/PSR Psych Science E1 Materials/PSR_Psych_Science_E1_Materials/slideShow1/41-key.JPG","asset","ex1",NA,NA,"2026-03-31T16:17:23","Levi Baruch"
"0956797616672268","ntwek/Putnam_Sungkhasettee_amp_Roediger_Materials/Materials/PSR Psych Science E1 Materials/PSR_Psych_Science_E1_Materials/slideShow1/45-left.JPG","asset","ex1",NA,NA,"2026-03-31T16:17:23","Levi Baruch"
"0956797616672268","ntwek/Putnam_Sungkhasettee_amp_Roediger_Materials/Materials/PSR Psych Science E1 Materials/PSR_Psych_Science_E1_Materials/slideShow1/50-hatoff.JPG","asset","ex1",NA,NA,"2026-03-31T16:17:23","Levi Baruch"
"0956797616672268","ntwek/Putnam_Sungkhasettee_amp_Roediger_Materials/Materials/PSR Psych Science E1 Materials/PSR_Psych_Science_E1_Materials/slideShow2-2/01.jpg","asset","ex1",NA,NA,"2026-03-31T16:17:23","Levi Baruch"
"0956797616672268","ntwek/Putnam_Sungkhasettee_amp_Roediger_Materials/Materials/PSR Psych Science E1 Materials/PSR_Psych_Science_E1_Materials/slideShow2-2/02.jpg","asset","ex1",NA,NA,"2026-03-31T16:17:23","Levi Baruch"
"0956797616672268","ntwek/Putnam_Sungkhasettee_amp_Roediger_Materials/Materials/PSR Psych Science E1 Materials/PSR_Psych_Science_E1_Materials/slideShow2-2/03-SecondShelf.jpg","asset","ex1",NA,NA,"2026-03-31T16:17:23","Levi Baruch"
"0956797616672268","ntwek/Putnam_Sungkhasettee_amp_Roediger_Materials/Materials/PSR Psych Science E1 Materials/PSR_Psych_Science_E1_Materials/slideShow2-2/04.jpg","asset","ex1",NA,NA,"2026-03-31T16:17:23","Levi Baruch"
"0956797616672268","ntwek/Putnam_Sungkhasettee_amp_Roediger_Materials/Materials/PSR Psych Science E1 Materials/PSR_Psych_Science_E1_Materials/slideShow2-2/05.jpg","asset","ex1",NA,NA,"2026-03-31T16:17:23","Levi Baruch"
"0956797616672268","ntwek/Putnam_Sungkhasettee_amp_Roediger_Materials/Materials/PSR Psych Science E1 Materials/PSR_Psych_Science_E1_Materials/slideShow2-2/06.jpg","asset","ex1",NA,NA,"2026-03-31T16:17:23","Levi Baruch"
"0956797616672268","ntwek/Putnam_Sungkhasettee_amp_Roediger_Materials/Materials/PSR Psych Science E1 Materials/PSR_Psych_Science_E1_Materials/slideShow2-2/07.jpg","asset","ex1",NA,NA,"2026-03-31T16:17:23","Levi Baruch"
"0956797616672268","ntwek/Putnam_Sungkhasettee_amp_Roediger_Materials/Materials/PSR Psych Science E1 Materials/PSR_Psych_Science_E1_Materials/slideShow2-2/08.jpg","asset","ex1",NA,NA,"2026-03-31T16:17:23","Levi Baruch"
"0956797616672268","ntwek/Putnam_Sungkhasettee_amp_Roediger_Materials/Materials/PSR Psych Science E1 Materials/PSR_Psych_Science_E1_Materials/slideShow2-2/09.jpg","asset","ex1",NA,NA,"2026-03-31T16:17:23","Levi Baruch"
"0956797616672268","ntwek/Putnam_Sungkhasettee_amp_Roediger_Materials/Materials/PSR Psych Science E1 Materials/PSR_Psych_Science_E1_Materials/slideShow2-2/10-NoFlyer.jpg","asset","ex1",NA,NA,"2026-03-31T16:17:23","Levi Baruch"
"0956797616672268","ntwek/Putnam_Sungkhasettee_amp_Roediger_Materials/Materials/PSR Psych Science E1 Materials/PSR_Psych_Science_E1_Materials/slideShow2-2/11.jpg","asset","ex1",NA,NA,"2026-03-31T16:17:23","Levi Baruch"
"0956797616672268","ntwek/Putnam_Sungkhasettee_amp_Roediger_Materials/Materials/PSR Psych Science E1 Materials/PSR_Psych_Science_E1_Materials/slideShow2-2/12-FiveBananas.jpg","asset","ex1",NA,NA,"2026-03-31T16:17:23","Levi Baruch"
"0956797616672268","ntwek/Putnam_Sungkhasettee_amp_Roediger_Materials/Materials/PSR Psych Science E1 Materials/PSR_Psych_Science_E1_Materials/slideShow2-2/13.jpg","asset","ex1",NA,NA,"2026-03-31T16:17:23","Levi Baruch"
"0956797616672268","ntwek/Putnam_Sungkhasettee_amp_Roediger_Materials/Materials/PSR Psych Science E1 Materials/PSR_Psych_Science_E1_Materials/slideShow2-2/14.jpg","asset","ex1",NA,NA,"2026-03-31T16:17:23","Levi Baruch"
"0956797616672268","ntwek/Putnam_Sungkhasettee_amp_Roediger_Materials/Materials/PSR Psych Science E1 Materials/PSR_Psych_Science_E1_Materials/slideShow2-2/15-Peach.jpg","asset","ex1",NA,NA,"2026-03-31T16:17:23","Levi Baruch"
"0956797616672268","ntwek/Putnam_Sungkhasettee_amp_Roediger_Materials/Materials/PSR Psych Science E1 Materials/PSR_Psych_Science_E1_Materials/slideShow2-2/16.jpg","asset","ex1",NA,NA,"2026-03-31T16:17:23","Levi Baruch"
"0956797616672268","ntwek/Putnam_Sungkhasettee_amp_Roediger_Materials/Materials/PSR Psych Science E1 Materials/PSR_Psych_Science_E1_Materials/slideShow2-2/17-Cucumber.jpg","asset","ex1",NA,NA,"2026-03-31T16:17:23","Levi Baruch"
"0956797616672268","ntwek/Putnam_Sungkhasettee_amp_Roediger_Materials/Materials/PSR Psych Science E1 Materials/PSR_Psych_Science_E1_Materials/slideShow2-2/18.jpg","asset","ex1",NA,NA,"2026-03-31T16:17:23","Levi Baruch"
"0956797616672268","ntwek/Putnam_Sungkhasettee_amp_Roediger_Materials/Materials/PSR Psych Science E1 Materials/PSR_Psych_Science_E1_Materials/slideShow2-2/19.jpg","asset","ex1",NA,NA,"2026-03-31T16:17:23","Levi Baruch"
"0956797616672268","ntwek/Putnam_Sungkhasettee_amp_Roediger_Materials/Materials/PSR Psych Science E1 Materials/PSR_Psych_Science_E1_Materials/slideShow2-2/20.jpg","asset","ex1",NA,NA,"2026-03-31T16:17:23","Levi Baruch"
"0956797616672268","ntwek/Putnam_Sungkhasettee_amp_Roediger_Materials/Materials/PSR Psych Science E1 Materials/PSR_Psych_Science_E1_Materials/slideShow2-2/21.jpg","asset","ex1",NA,NA,"2026-03-31T16:17:23","Levi Baruch"
"0956797616672268","ntwek/Putnam_Sungkhasettee_amp_Roediger_Materials/Materials/PSR Psych Science E1 Materials/PSR_Psych_Science_E1_Materials/slideShow2-2/22.jpg","asset","ex1",NA,NA,"2026-03-31T16:17:23","Levi Baruch"
"0956797616672268","ntwek/Putnam_Sungkhasettee_amp_Roediger_Materials/Materials/PSR Psych Science E1 Materials/PSR_Psych_Science_E1_Materials/slideShow2-2/23.jpg","asset","ex1",NA,NA,"2026-03-31T16:17:23","Levi Baruch"
"0956797616672268","ntwek/Putnam_Sungkhasettee_amp_Roediger_Materials/Materials/PSR Psych Science E1 Materials/PSR_Psych_Science_E1_Materials/slideShow2-2/24-BroccoliSoup.jpg","asset","ex1",NA,NA,"2026-03-31T16:17:23","Levi Baruch"
"0956797616672268","ntwek/Putnam_Sungkhasettee_amp_Roediger_Materials/Materials/PSR Psych Science E1 Materials/PSR_Psych_Science_E1_Materials/slideShow2-2/25.jpg","asset","ex1",NA,NA,"2026-03-31T16:17:23","Levi Baruch"
"0956797616672268","ntwek/Putnam_Sungkhasettee_amp_Roediger_Materials/Materials/PSR Psych Science E1 Materials/PSR_Psych_Science_E1_Materials/slideShow2-2/26.jpg","asset","ex1",NA,NA,"2026-03-31T16:17:23","Levi Baruch"
"0956797616672268","ntwek/Putnam_Sungkhasettee_amp_Roediger_Materials/Materials/PSR Psych Science E1 Materials/PSR_Psych_Science_E1_Materials/slideShow2-2/27.jpg","asset","ex1",NA,NA,"2026-03-31T16:17:23","Levi Baruch"
"0956797616672268","ntwek/Putnam_Sungkhasettee_amp_Roediger_Materials/Materials/PSR Psych Science E1 Materials/PSR_Psych_Science_E1_Materials/slideShow2-2/28.jpg","asset","ex1",NA,NA,"2026-03-31T16:17:23","Levi Baruch"
"0956797616672268","ntwek/Putnam_Sungkhasettee_amp_Roediger_Materials/Materials/PSR Psych Science E1 Materials/PSR_Psych_Science_E1_Materials/slideShow2-2/29-229.jpg","asset","ex1",NA,NA,"2026-03-31T16:17:23","Levi Baruch"
"0956797616672268","ntwek/Putnam_Sungkhasettee_amp_Roediger_Materials/Materials/PSR Psych Science E1 Materials/PSR_Psych_Science_E1_Materials/slideShow2-2/30.jpg","asset","ex1",NA,NA,"2026-03-31T16:17:23","Levi Baruch"
"0956797616672268","ntwek/Putnam_Sungkhasettee_amp_Roediger_Materials/Materials/PSR Psych Science E1 Materials/PSR_Psych_Science_E1_Materials/slideShow2-2/31-OrangeCandle.jpg","asset","ex1",NA,NA,"2026-03-31T16:17:23","Levi Baruch"
"0956797616672268","ntwek/Putnam_Sungkhasettee_amp_Roediger_Materials/Materials/PSR Psych Science E1 Materials/PSR_Psych_Science_E1_Materials/slideShow2-2/32.jpg","asset","ex1",NA,NA,"2026-03-31T16:17:23","Levi Baruch"
"0956797616672268","ntwek/Putnam_Sungkhasettee_amp_Roediger_Materials/Materials/PSR Psych Science E1 Materials/PSR_Psych_Science_E1_Materials/slideShow2-2/33.jpg","asset","ex1",NA,NA,"2026-03-31T16:17:23","Levi Baruch"
"0956797616672268","ntwek/Putnam_Sungkhasettee_amp_Roediger_Materials/Materials/PSR Psych Science E1 Materials/PSR_Psych_Science_E1_Materials/slideShow2-2/34.jpg","asset","ex1",NA,NA,"2026-03-31T16:17:23","Levi Baruch"
"0956797616672268","ntwek/Putnam_Sungkhasettee_amp_Roediger_Materials/Materials/PSR Psych Science E1 Materials/PSR_Psych_Science_E1_Materials/slideShow2-2/35.jpg","asset","ex1",NA,NA,"2026-03-31T16:17:23","Levi Baruch"
"0956797616672268","ntwek/Putnam_Sungkhasettee_amp_Roediger_Materials/Materials/PSR Psych Science E1 Materials/PSR_Psych_Science_E1_Materials/slideShow2-2/36-Cream.jpg","asset","ex1",NA,NA,"2026-03-31T16:17:23","Levi Baruch"
"0956797616672268","ntwek/Putnam_Sungkhasettee_amp_Roediger_Materials/Materials/PSR Psych Science E1 Materials/PSR_Psych_Science_E1_Materials/slideShow2-2/37.jpg","asset","ex1",NA,NA,"2026-03-31T16:17:23","Levi Baruch"
"0956797616672268","ntwek/Putnam_Sungkhasettee_amp_Roediger_Materials/Materials/PSR Psych Science E1 Materials/PSR_Psych_Science_E1_Materials/slideShow2-2/38-AngelHair.jpg","asset","ex1",NA,NA,"2026-03-31T16:17:23","Levi Baruch"
"0956797616672268","ntwek/Putnam_Sungkhasettee_amp_Roediger_Materials/Materials/PSR Psych Science E1 Materials/PSR_Psych_Science_E1_Materials/slideShow2-2/39.jpg","asset","ex1",NA,NA,"2026-03-31T16:17:23","Levi Baruch"
"0956797616672268","ntwek/Putnam_Sungkhasettee_amp_Roediger_Materials/Materials/PSR Psych Science E1 Materials/PSR_Psych_Science_E1_Materials/slideShow2-2/40-Aisle2.jpg","asset","ex1",NA,NA,"2026-03-31T16:17:23","Levi Baruch"
"0956797616672268","ntwek/Putnam_Sungkhasettee_amp_Roediger_Materials/Materials/PSR Psych Science E1 Materials/PSR_Psych_Science_E1_Materials/slideShow2-2/41.jpg","asset","ex1",NA,NA,"2026-03-31T16:17:23","Levi Baruch"
"0956797616672268","ntwek/Putnam_Sungkhasettee_amp_Roediger_Materials/Materials/PSR Psych Science E1 Materials/PSR_Psych_Science_E1_Materials/slideShow2-2/42.jpg","asset","ex1",NA,NA,"2026-03-31T16:17:23","Levi Baruch"
"0956797616672268","ntwek/Putnam_Sungkhasettee_amp_Roediger_Materials/Materials/PSR Psych Science E1 Materials/PSR_Psych_Science_E1_Materials/slideShow2-2/43.jpg","asset","ex1",NA,NA,"2026-03-31T16:17:23","Levi Baruch"
"0956797616672268","ntwek/Putnam_Sungkhasettee_amp_Roediger_Materials/Materials/PSR Psych Science E1 Materials/PSR_Psych_Science_E1_Materials/slideShow2-2/44.jpg","asset","ex1",NA,NA,"2026-03-31T16:17:23","Levi Baruch"
"0956797616672268","ntwek/Putnam_Sungkhasettee_amp_Roediger_Materials/Materials/PSR Psych Science E1 Materials/PSR_Psych_Science_E1_Materials/slideShow2-2/45.jpg","asset","ex1",NA,NA,"2026-03-31T16:17:23","Levi Baruch"
"0956797616672268","ntwek/Putnam_Sungkhasettee_amp_Roediger_Materials/Materials/PSR Psych Science E1 Materials/PSR_Psych_Science_E1_Materials/slideShow2-2/46.jpg","asset","ex1",NA,NA,"2026-03-31T16:17:23","Levi Baruch"
"0956797616672268","ntwek/Putnam_Sungkhasettee_amp_Roediger_Materials/Materials/PSR Psych Science E1 Materials/PSR_Psych_Science_E1_Materials/slideShow2-2/47-Eighth.jpg","asset","ex1",NA,NA,"2026-03-31T16:17:23","Levi Baruch"
"0956797616672268","ntwek/Putnam_Sungkhasettee_amp_Roediger_Materials/Materials/PSR Psych Science E1 Materials/PSR_Psych_Science_E1_Materials/slideShow2-2/48.jpg","asset","ex1",NA,NA,"2026-03-31T16:17:23","Levi Baruch"
"0956797616672268","ntwek/Putnam_Sungkhasettee_amp_Roediger_Materials/Materials/PSR Psych Science E1 Materials/PSR_Psych_Science_E1_Materials/slideShow2-2/49.jpg","asset","ex1",NA,NA,"2026-03-31T16:17:23","Levi Baruch"
"0956797616672268","ntwek/Putnam_Sungkhasettee_amp_Roediger_Materials/Materials/PSR Psych Science E1 Materials/PSR_Psych_Science_E1_Materials/slideShow2-2/50.jpg","asset","ex1",NA,NA,"2026-03-31T16:17:23","Levi Baruch"
"0956797616672268","ntwek/Putnam_Sungkhasettee_amp_Roediger_Materials/Materials/PSR Psych Science E1 Materials/PSR_Psych_Science_E1_Materials/slideShow2/03-FirstShelf.jpg","asset","ex1",NA,NA,"2026-03-31T16:17:23","Levi Baruch"
"0956797616672268","ntwek/Putnam_Sungkhasettee_amp_Roediger_Materials/Materials/PSR Psych Science E1 Materials/PSR_Psych_Science_E1_Materials/slideShow2/10-PartyFlyer.jpg","asset","ex1",NA,NA,"2026-03-31T16:17:23","Levi Baruch"
"0956797616672268","ntwek/Putnam_Sungkhasettee_amp_Roediger_Materials/Materials/PSR Psych Science E1 Materials/PSR_Psych_Science_E1_Materials/slideShow2/12-TwoBananas.jpg","asset","ex1",NA,NA,"2026-03-31T16:17:23","Levi Baruch"
"0956797616672268","ntwek/Putnam_Sungkhasettee_amp_Roediger_Materials/Materials/PSR Psych Science E1 Materials/PSR_Psych_Science_E1_Materials/slideShow2/15-Apple.jpg","asset","ex1",NA,NA,"2026-03-31T16:17:23","Levi Baruch"
"0956797616672268","ntwek/Putnam_Sungkhasettee_amp_Roediger_Materials/Materials/PSR Psych Science E1 Materials/PSR_Psych_Science_E1_Materials/slideShow2/17-RedPepper.jpg","asset","ex1",NA,NA,"2026-03-31T16:17:23","Levi Baruch"
"0956797616672268","ntwek/Putnam_Sungkhasettee_amp_Roediger_Materials/Materials/PSR Psych Science E1 Materials/PSR_Psych_Science_E1_Materials/slideShow2/24-CelerySoup.jpg","asset","ex1",NA,NA,"2026-03-31T16:17:23","Levi Baruch"
"0956797616672268","ntwek/Putnam_Sungkhasettee_amp_Roediger_Materials/Materials/PSR Psych Science E1 Materials/PSR_Psych_Science_E1_Materials/slideShow2/29-449.jpg","asset","ex1",NA,NA,"2026-03-31T16:17:23","Levi Baruch"
"0956797616672268","ntwek/Putnam_Sungkhasettee_amp_Roediger_Materials/Materials/PSR Psych Science E1 Materials/PSR_Psych_Science_E1_Materials/slideShow2/31-BlueCandle.jpg","asset","ex1",NA,NA,"2026-03-31T16:17:23","Levi Baruch"
"0956797616672268","ntwek/Putnam_Sungkhasettee_amp_Roediger_Materials/Materials/PSR Psych Science E1 Materials/PSR_Psych_Science_E1_Materials/slideShow2/36-Milk.jpg","asset","ex1",NA,NA,"2026-03-31T16:17:23","Levi Baruch"
"0956797616672268","ntwek/Putnam_Sungkhasettee_amp_Roediger_Materials/Materials/PSR Psych Science E1 Materials/PSR_Psych_Science_E1_Materials/slideShow2/38-Linguine.jpg","asset","ex1",NA,NA,"2026-03-31T16:17:23","Levi Baruch"
"0956797616672268","ntwek/Putnam_Sungkhasettee_amp_Roediger_Materials/Materials/PSR Psych Science E1 Materials/PSR_Psych_Science_E1_Materials/slideShow2/40-Aisle1.jpg","asset","ex1",NA,NA,"2026-03-31T16:17:23","Levi Baruch"
"0956797616672268","ntwek/Putnam_Sungkhasettee_amp_Roediger_Materials/Materials/PSR Psych Science E1 Materials/PSR_Psych_Science_E1_Materials/slideShow2/47-Fourth.jpg","asset","ex1",NA,NA,"2026-03-31T16:17:23","Levi Baruch"
"0956797616672268","ntwek/Putnam_Sungkhasettee_amp_Roediger_Materials/Materials/PSR Psych Science E1 Materials/PSR_Psych_Science_E1_Materials/slideShow3-2/01.jpg","asset","ex1",NA,NA,"2026-03-31T16:17:23","Levi Baruch"
"0956797616672268","ntwek/Putnam_Sungkhasettee_amp_Roediger_Materials/Materials/PSR Psych Science E1 Materials/PSR_Psych_Science_E1_Materials/slideShow3-2/02.jpg","asset","ex1",NA,NA,"2026-03-31T16:17:23","Levi Baruch"
"0956797616672268","ntwek/Putnam_Sungkhasettee_amp_Roediger_Materials/Materials/PSR Psych Science E1 Materials/PSR_Psych_Science_E1_Materials/slideShow3-2/03.jpg","asset","ex1",NA,NA,"2026-03-31T16:17:23","Levi Baruch"
"0956797616672268","ntwek/Putnam_Sungkhasettee_amp_Roediger_Materials/Materials/PSR Psych Science E1 Materials/PSR_Psych_Science_E1_Materials/slideShow3-2/04.jpg","asset","ex1",NA,NA,"2026-03-31T16:17:23","Levi Baruch"
"0956797616672268","ntwek/Putnam_Sungkhasettee_amp_Roediger_Materials/Materials/PSR Psych Science E1 Materials/PSR_Psych_Science_E1_Materials/slideShow3-2/05.jpg","asset","ex1",NA,NA,"2026-03-31T16:17:23","Levi Baruch"
"0956797616672268","ntwek/Putnam_Sungkhasettee_amp_Roediger_Materials/Materials/PSR Psych Science E1 Materials/PSR_Psych_Science_E1_Materials/slideShow3-2/06.jpg","asset","ex1",NA,NA,"2026-03-31T16:17:23","Levi Baruch"
"0956797616672268","ntwek/Putnam_Sungkhasettee_amp_Roediger_Materials/Materials/PSR Psych Science E1 Materials/PSR_Psych_Science_E1_Materials/slideShow3-2/07.jpg","asset","ex1",NA,NA,"2026-03-31T16:17:23","Levi Baruch"
"0956797616672268","ntwek/Putnam_Sungkhasettee_amp_Roediger_Materials/Materials/PSR Psych Science E1 Materials/PSR_Psych_Science_E1_Materials/slideShow3-2/08.jpg","asset","ex1",NA,NA,"2026-03-31T16:17:23","Levi Baruch"
"0956797616672268","ntwek/Putnam_Sungkhasettee_amp_Roediger_Materials/Materials/PSR Psych Science E1 Materials/PSR_Psych_Science_E1_Materials/slideShow3-2/09.jpg","asset","ex1",NA,NA,"2026-03-31T16:17:23","Levi Baruch"
"0956797616672268","ntwek/Putnam_Sungkhasettee_amp_Roediger_Materials/Materials/PSR Psych Science E1 Materials/PSR_Psych_Science_E1_Materials/slideShow3-2/10-Dirk-upset.jpg","asset","ex1",NA,NA,"2026-03-31T16:17:23","Levi Baruch"
"0956797616672268","ntwek/Putnam_Sungkhasettee_amp_Roediger_Materials/Materials/PSR Psych Science E1 Materials/PSR_Psych_Science_E1_Materials/slideShow3-2/11.jpg","asset","ex1",NA,NA,"2026-03-31T16:17:23","Levi Baruch"
"0956797616672268","ntwek/Putnam_Sungkhasettee_amp_Roediger_Materials/Materials/PSR Psych Science E1 Materials/PSR_Psych_Science_E1_Materials/slideShow3-2/12.jpg","asset","ex1",NA,NA,"2026-03-31T16:17:23","Levi Baruch"
"0956797616672268","ntwek/Putnam_Sungkhasettee_amp_Roediger_Materials/Materials/PSR Psych Science E1 Materials/PSR_Psych_Science_E1_Materials/slideShow3-2/13-White-chips.jpg","asset","ex1",NA,NA,"2026-03-31T16:17:23","Levi Baruch"
"0956797616672268","ntwek/Putnam_Sungkhasettee_amp_Roediger_Materials/Materials/PSR Psych Science E1 Materials/PSR_Psych_Science_E1_Materials/slideShow3-2/14.jpg","asset","ex1",NA,NA,"2026-03-31T16:17:23","Levi Baruch"
"0956797616672268","ntwek/Putnam_Sungkhasettee_amp_Roediger_Materials/Materials/PSR Psych Science E1 Materials/PSR_Psych_Science_E1_Materials/slideShow3-2/15.jpg","asset","ex1",NA,NA,"2026-03-31T16:17:23","Levi Baruch"
"0956797616672268","ntwek/Putnam_Sungkhasettee_amp_Roediger_Materials/Materials/PSR Psych Science E1 Materials/PSR_Psych_Science_E1_Materials/slideShow3-2/16.jpg","asset","ex1",NA,NA,"2026-03-31T16:17:23","Levi Baruch"
"0956797616672268","ntwek/Putnam_Sungkhasettee_amp_Roediger_Materials/Materials/PSR Psych Science E1 Materials/PSR_Psych_Science_E1_Materials/slideShow3-2/17.jpg","asset","ex1",NA,NA,"2026-03-31T16:17:23","Levi Baruch"
"0956797616672268","ntwek/Putnam_Sungkhasettee_amp_Roediger_Materials/Materials/PSR Psych Science E1 Materials/PSR_Psych_Science_E1_Materials/slideShow3-2/18.jpg","asset","ex1",NA,NA,"2026-03-31T16:17:23","Levi Baruch"
"0956797616672268","ntwek/Putnam_Sungkhasettee_amp_Roediger_Materials/Materials/PSR Psych Science E1 Materials/PSR_Psych_Science_E1_Materials/slideShow3-2/19-Spades.jpg","asset","ex1",NA,NA,"2026-03-31T16:17:23","Levi Baruch"
"0956797616672268","ntwek/Putnam_Sungkhasettee_amp_Roediger_Materials/Materials/PSR Psych Science E1 Materials/PSR_Psych_Science_E1_Materials/slideShow3-2/20.jpg","asset","ex1",NA,NA,"2026-03-31T16:17:23","Levi Baruch"
"0956797616672268","ntwek/Putnam_Sungkhasettee_amp_Roediger_Materials/Materials/PSR Psych Science E1 Materials/PSR_Psych_Science_E1_Materials/slideShow3-2/21.jpg","asset","ex1",NA,NA,"2026-03-31T16:17:23","Levi Baruch"
"0956797616672268","ntwek/Putnam_Sungkhasettee_amp_Roediger_Materials/Materials/PSR Psych Science E1 Materials/PSR_Psych_Science_E1_Materials/slideShow3-2/22.jpg","asset","ex1",NA,NA,"2026-03-31T16:17:23","Levi Baruch"
"0956797616672268","ntwek/Putnam_Sungkhasettee_amp_Roediger_Materials/Materials/PSR Psych Science E1 Materials/PSR_Psych_Science_E1_Materials/slideShow3-2/23-Full-bottle.jpg","asset","ex1",NA,NA,"2026-03-31T16:17:23","Levi Baruch"
"0956797616672268","ntwek/Putnam_Sungkhasettee_amp_Roediger_Materials/Materials/PSR Psych Science E1 Materials/PSR_Psych_Science_E1_Materials/slideShow3-2/24.jpg","asset","ex1",NA,NA,"2026-03-31T16:17:23","Levi Baruch"
"0956797616672268","ntwek/Putnam_Sungkhasettee_amp_Roediger_Materials/Materials/PSR Psych Science E1 Materials/PSR_Psych_Science_E1_Materials/slideShow3-2/25.jpg","asset","ex1",NA,NA,"2026-03-31T16:17:23","Levi Baruch"
"0956797616672268","ntwek/Putnam_Sungkhasettee_amp_Roediger_Materials/Materials/PSR Psych Science E1 Materials/PSR_Psych_Science_E1_Materials/slideShow3-2/26.jpg","asset","ex1",NA,NA,"2026-03-31T16:17:23","Levi Baruch"
"0956797616672268","ntwek/Putnam_Sungkhasettee_amp_Roediger_Materials/Materials/PSR Psych Science E1 Materials/PSR_Psych_Science_E1_Materials/slideShow3-2/27.jpg","asset","ex1",NA,NA,"2026-03-31T16:17:23","Levi Baruch"
"0956797616672268","ntwek/Putnam_Sungkhasettee_amp_Roediger_Materials/Materials/PSR Psych Science E1 Materials/PSR_Psych_Science_E1_Materials/slideShow3-2/28-Fists-up.jpg","asset","ex1",NA,NA,"2026-03-31T16:17:23","Levi Baruch"
"0956797616672268","ntwek/Putnam_Sungkhasettee_amp_Roediger_Materials/Materials/PSR Psych Science E1 Materials/PSR_Psych_Science_E1_Materials/slideShow3-2/29.jpg","asset","ex1",NA,NA,"2026-03-31T16:17:23","Levi Baruch"
"0956797616672268","ntwek/Putnam_Sungkhasettee_amp_Roediger_Materials/Materials/PSR Psych Science E1 Materials/PSR_Psych_Science_E1_Materials/slideShow3-2/30.jpg","asset","ex1",NA,NA,"2026-03-31T16:17:23","Levi Baruch"
"0956797616672268","ntwek/Putnam_Sungkhasettee_amp_Roediger_Materials/Materials/PSR Psych Science E1 Materials/PSR_Psych_Science_E1_Materials/slideShow3-2/31.jpg","asset","ex1",NA,NA,"2026-03-31T16:17:23","Levi Baruch"
"0956797616672268","ntwek/Putnam_Sungkhasettee_amp_Roediger_Materials/Materials/PSR Psych Science E1 Materials/PSR_Psych_Science_E1_Materials/slideShow3-2/32-Chair-up.jpg","asset","ex1",NA,NA,"2026-03-31T16:17:23","Levi Baruch"
"0956797616672268","ntwek/Putnam_Sungkhasettee_amp_Roediger_Materials/Materials/PSR Psych Science E1 Materials/PSR_Psych_Science_E1_Materials/slideShow3-2/33.jpg","asset","ex1",NA,NA,"2026-03-31T16:17:23","Levi Baruch"
"0956797616672268","ntwek/Putnam_Sungkhasettee_amp_Roediger_Materials/Materials/PSR Psych Science E1 Materials/PSR_Psych_Science_E1_Materials/slideShow3-2/34.jpg","asset","ex1",NA,NA,"2026-03-31T16:17:23","Levi Baruch"
"0956797616672268","ntwek/Putnam_Sungkhasettee_amp_Roediger_Materials/Materials/PSR Psych Science E1 Materials/PSR_Psych_Science_E1_Materials/slideShow3-2/35-Surprised.jpg","asset","ex1",NA,NA,"2026-03-31T16:17:23","Levi Baruch"
"0956797616672268","ntwek/Putnam_Sungkhasettee_amp_Roediger_Materials/Materials/PSR Psych Science E1 Materials/PSR_Psych_Science_E1_Materials/slideShow3-2/36.jpg","asset","ex1",NA,NA,"2026-03-31T16:17:23","Levi Baruch"
"0956797616672268","ntwek/Putnam_Sungkhasettee_amp_Roediger_Materials/Materials/PSR Psych Science E1 Materials/PSR_Psych_Science_E1_Materials/slideShow3-2/37.jpg","asset","ex1",NA,NA,"2026-03-31T16:17:23","Levi Baruch"
"0956797616672268","ntwek/Putnam_Sungkhasettee_amp_Roediger_Materials/Materials/PSR Psych Science E1 Materials/PSR_Psych_Science_E1_Materials/slideShow3-2/38-Room-phone.jpg","asset","ex1",NA,NA,"2026-03-31T16:17:23","Levi Baruch"
"0956797616672268","ntwek/Putnam_Sungkhasettee_amp_Roediger_Materials/Materials/PSR Psych Science E1 Materials/PSR_Psych_Science_E1_Materials/slideShow3-2/39.jpg","asset","ex1",NA,NA,"2026-03-31T16:17:23","Levi Baruch"
"0956797616672268","ntwek/Putnam_Sungkhasettee_amp_Roediger_Materials/Materials/PSR Psych Science E1 Materials/PSR_Psych_Science_E1_Materials/slideShow3-2/40.jpg","asset","ex1",NA,NA,"2026-03-31T16:17:23","Levi Baruch"
"0956797616672268","ntwek/Putnam_Sungkhasettee_amp_Roediger_Materials/Materials/PSR Psych Science E1 Materials/PSR_Psych_Science_E1_Materials/slideShow3-2/41.jpg","asset","ex1",NA,NA,"2026-03-31T16:17:23","Levi Baruch"
"0956797616672268","ntwek/Putnam_Sungkhasettee_amp_Roediger_Materials/Materials/PSR Psych Science E1 Materials/PSR_Psych_Science_E1_Materials/slideShow3-2/42.jpg","asset","ex1",NA,NA,"2026-03-31T16:17:23","Levi Baruch"
"0956797616672268","ntwek/Putnam_Sungkhasettee_amp_Roediger_Materials/Materials/PSR Psych Science E1 Materials/PSR_Psych_Science_E1_Materials/slideShow3-2/43.jpg","asset","ex1",NA,NA,"2026-03-31T16:17:23","Levi Baruch"
"0956797616672268","ntwek/Putnam_Sungkhasettee_amp_Roediger_Materials/Materials/PSR Psych Science E1 Materials/PSR_Psych_Science_E1_Materials/slideShow3-2/44-Two-glasses.jpg","asset","ex1",NA,NA,"2026-03-31T16:17:23","Levi Baruch"
"0956797616672268","ntwek/Putnam_Sungkhasettee_amp_Roediger_Materials/Materials/PSR Psych Science E1 Materials/PSR_Psych_Science_E1_Materials/slideShow3-2/45-Jacket.jpg","asset","ex1",NA,NA,"2026-03-31T16:17:23","Levi Baruch"
"0956797616672268","ntwek/Putnam_Sungkhasettee_amp_Roediger_Materials/Materials/PSR Psych Science E1 Materials/PSR_Psych_Science_E1_Materials/slideShow3-2/46-Open-eyes.jpg","asset","ex1",NA,NA,"2026-03-31T16:17:23","Levi Baruch"
"0956797616672268","ntwek/Putnam_Sungkhasettee_amp_Roediger_Materials/Materials/PSR Psych Science E1 Materials/PSR_Psych_Science_E1_Materials/slideShow3-2/47.jpg","asset","ex1",NA,NA,"2026-03-31T16:17:23","Levi Baruch"
"0956797616672268","ntwek/Putnam_Sungkhasettee_amp_Roediger_Materials/Materials/PSR Psych Science E1 Materials/PSR_Psych_Science_E1_Materials/slideShow3-2/48.jpg","asset","ex1",NA,NA,"2026-03-31T16:17:23","Levi Baruch"
"0956797616672268","ntwek/Putnam_Sungkhasettee_amp_Roediger_Materials/Materials/PSR Psych Science E1 Materials/PSR_Psych_Science_E1_Materials/slideShow3-2/49.jpg","asset","ex1",NA,NA,"2026-03-31T16:17:23","Levi Baruch"
"0956797616672268","ntwek/Putnam_Sungkhasettee_amp_Roediger_Materials/Materials/PSR Psych Science E1 Materials/PSR_Psych_Science_E1_Materials/slideShow3-2/50-Hood-up.jpg","asset","ex1",NA,NA,"2026-03-31T16:17:23","Levi Baruch"
"0956797616672268","ntwek/Putnam_Sungkhasettee_amp_Roediger_Materials/Materials/PSR Psych Science E1 Materials/PSR_Psych_Science_E1_Materials/slideShow3/10-Jenny-upset.jpg","asset","ex1",NA,NA,"2026-03-31T16:17:23","Levi Baruch"
"0956797616672268","ntwek/Putnam_Sungkhasettee_amp_Roediger_Materials/Materials/PSR Psych Science E1 Materials/PSR_Psych_Science_E1_Materials/slideShow3/13-Blue-chips.jpg","asset","ex1",NA,NA,"2026-03-31T16:17:23","Levi Baruch"
"0956797616672268","ntwek/Putnam_Sungkhasettee_amp_Roediger_Materials/Materials/PSR Psych Science E1 Materials/PSR_Psych_Science_E1_Materials/slideShow3/19-Diamonds.jpg","asset","ex1",NA,NA,"2026-03-31T16:17:23","Levi Baruch"
"0956797616672268","ntwek/Putnam_Sungkhasettee_amp_Roediger_Materials/Materials/PSR Psych Science E1 Materials/PSR_Psych_Science_E1_Materials/slideShow3/23-Empty-bottle.jpg","asset","ex1",NA,NA,"2026-03-31T16:17:23","Levi Baruch"
"0956797616672268","ntwek/Putnam_Sungkhasettee_amp_Roediger_Materials/Materials/PSR Psych Science E1 Materials/PSR_Psych_Science_E1_Materials/slideShow3/28-Arms-up.jpg","asset","ex1",NA,NA,"2026-03-31T16:17:23","Levi Baruch"
"0956797616672268","ntwek/Putnam_Sungkhasettee_amp_Roediger_Materials/Materials/PSR Psych Science E1 Materials/PSR_Psych_Science_E1_Materials/slideShow3/32-Chair-down.jpg","asset","ex1",NA,NA,"2026-03-31T16:17:23","Levi Baruch"
"0956797616672268","ntwek/Putnam_Sungkhasettee_amp_Roediger_Materials/Materials/PSR Psych Science E1 Materials/PSR_Psych_Science_E1_Materials/slideShow3/35-Angry.jpg","asset","ex1",NA,NA,"2026-03-31T16:17:23","Levi Baruch"
"0956797616672268","ntwek/Putnam_Sungkhasettee_amp_Roediger_Materials/Materials/PSR Psych Science E1 Materials/PSR_Psych_Science_E1_Materials/slideShow3/37.jpg","asset","ex1",NA,NA,"2026-03-31T16:17:23","Levi Baruch"
"0956797616672268","ntwek/Putnam_Sungkhasettee_amp_Roediger_Materials/Materials/PSR Psych Science E1 Materials/PSR_Psych_Science_E1_Materials/slideShow3/38-Cell-phone.jpg","asset","ex1",NA,NA,"2026-03-31T16:17:23","Levi Baruch"
"0956797616672268","ntwek/Putnam_Sungkhasettee_amp_Roediger_Materials/Materials/PSR Psych Science E1 Materials/PSR_Psych_Science_E1_Materials/slideShow3/39.jpg","asset","ex1",NA,NA,"2026-03-31T16:17:23","Levi Baruch"
"0956797616672268","ntwek/Putnam_Sungkhasettee_amp_Roediger_Materials/Materials/PSR Psych Science E1 Materials/PSR_Psych_Science_E1_Materials/slideShow3/44-One-glass.jpg","asset","ex1",NA,NA,"2026-03-31T16:17:23","Levi Baruch"
"0956797616672268","ntwek/Putnam_Sungkhasettee_amp_Roediger_Materials/Materials/PSR Psych Science E1 Materials/PSR_Psych_Science_E1_Materials/slideShow3/45-Bookbag.jpg","asset","ex1",NA,NA,"2026-03-31T16:17:23","Levi Baruch"
"0956797616672268","ntwek/Putnam_Sungkhasettee_amp_Roediger_Materials/Materials/PSR Psych Science E1 Materials/PSR_Psych_Science_E1_Materials/slideShow3/46-Closed-eyes.jpg","asset","ex1",NA,NA,"2026-03-31T16:17:23","Levi Baruch"
"0956797616672268","ntwek/Putnam_Sungkhasettee_amp_Roediger_Materials/Materials/PSR Psych Science E1 Materials/PSR_Psych_Science_E1_Materials/slideShow3/50-Hood-down.jpg","asset","ex1",NA,NA,"2026-03-31T16:17:23","Levi Baruch"
"0956797616672268","ntwek/Putnam_Sungkhasettee_amp_Roediger_Materials/Materials/PSR Psych Science E1 Materials/PSR_Psych_Science_E1_Materials/slideShow4-2/01.jpg","asset","ex1",NA,NA,"2026-03-31T16:17:23","Levi Baruch"
"0956797616672268","ntwek/Putnam_Sungkhasettee_amp_Roediger_Materials/Materials/PSR Psych Science E1 Materials/PSR_Psych_Science_E1_Materials/slideShow4-2/02.jpg","asset","ex1",NA,NA,"2026-03-31T16:17:23","Levi Baruch"
"0956797616672268","ntwek/Putnam_Sungkhasettee_amp_Roediger_Materials/Materials/PSR Psych Science E1 Materials/PSR_Psych_Science_E1_Materials/slideShow4-2/04-RightShoulder.jpg","asset","ex1",NA,NA,"2026-03-31T16:17:23","Levi Baruch"
"0956797616672268","ntwek/Putnam_Sungkhasettee_amp_Roediger_Materials/Materials/PSR Psych Science E1 Materials/PSR_Psych_Science_E1_Materials/slideShow4-2/05.jpg","asset","ex1",NA,NA,"2026-03-31T16:17:23","Levi Baruch"
"0956797616672268","ntwek/Putnam_Sungkhasettee_amp_Roediger_Materials/Materials/PSR Psych Science E1 Materials/PSR_Psych_Science_E1_Materials/slideShow4-2/06.jpg","asset","ex1",NA,NA,"2026-03-31T16:17:23","Levi Baruch"
"0956797616672268","ntwek/Putnam_Sungkhasettee_amp_Roediger_Materials/Materials/PSR Psych Science E1 Materials/PSR_Psych_Science_E1_Materials/slideShow4-2/07.jpg","asset","ex1",NA,NA,"2026-03-31T16:17:23","Levi Baruch"
"0956797616672268","ntwek/Putnam_Sungkhasettee_amp_Roediger_Materials/Materials/PSR Psych Science E1 Materials/PSR_Psych_Science_E1_Materials/slideShow4-2/08-WhiteNovel.jpg","asset","ex1",NA,NA,"2026-03-31T16:17:23","Levi Baruch"
"0956797616672268","ntwek/Putnam_Sungkhasettee_amp_Roediger_Materials/Materials/PSR Psych Science E1 Materials/PSR_Psych_Science_E1_Materials/slideShow4-2/09.jpg","asset","ex1",NA,NA,"2026-03-31T16:17:23","Levi Baruch"
"0956797616672268","ntwek/Putnam_Sungkhasettee_amp_Roediger_Materials/Materials/PSR Psych Science E1 Materials/PSR_Psych_Science_E1_Materials/slideShow4-2/10.jpg","asset","ex1",NA,NA,"2026-03-31T16:17:23","Levi Baruch"
"0956797616672268","ntwek/Putnam_Sungkhasettee_amp_Roediger_Materials/Materials/PSR Psych Science E1 Materials/PSR_Psych_Science_E1_Materials/slideShow4-2/11.jpg","asset","ex1",NA,NA,"2026-03-31T16:17:23","Levi Baruch"
"0956797616672268","ntwek/Putnam_Sungkhasettee_amp_Roediger_Materials/Materials/PSR Psych Science E1 Materials/PSR_Psych_Science_E1_Materials/slideShow4-2/12.jpg","asset","ex1",NA,NA,"2026-03-31T16:17:23","Levi Baruch"
"0956797616672268","ntwek/Putnam_Sungkhasettee_amp_Roediger_Materials/Materials/PSR Psych Science E1 Materials/PSR_Psych_Science_E1_Materials/slideShow4-2/13-Surprised.jpg","asset","ex1",NA,NA,"2026-03-31T16:17:23","Levi Baruch"
"0956797616672268","ntwek/Putnam_Sungkhasettee_amp_Roediger_Materials/Materials/PSR Psych Science E1 Materials/PSR_Psych_Science_E1_Materials/slideShow4-2/14.jpg","asset","ex1",NA,NA,"2026-03-31T16:17:23","Levi Baruch"
"0956797616672268","ntwek/Putnam_Sungkhasettee_amp_Roediger_Materials/Materials/PSR Psych Science E1 Materials/PSR_Psych_Science_E1_Materials/slideShow4-2/15.jpg","asset","ex1",NA,NA,"2026-03-31T16:17:23","Levi Baruch"
"0956797616672268","ntwek/Putnam_Sungkhasettee_amp_Roediger_Materials/Materials/PSR Psych Science E1 Materials/PSR_Psych_Science_E1_Materials/slideShow4-2/16.jpg","asset","ex1",NA,NA,"2026-03-31T16:17:23","Levi Baruch"
"0956797616672268","ntwek/Putnam_Sungkhasettee_amp_Roediger_Materials/Materials/PSR Psych Science E1 Materials/PSR_Psych_Science_E1_Materials/slideShow4-2/17-FullPepsi.jpg","asset","ex1",NA,NA,"2026-03-31T16:17:23","Levi Baruch"
"0956797616672268","ntwek/Putnam_Sungkhasettee_amp_Roediger_Materials/Materials/PSR Psych Science E1 Materials/PSR_Psych_Science_E1_Materials/slideShow4-2/18-WithoutGlasses.jpg","asset","ex1",NA,NA,"2026-03-31T16:17:23","Levi Baruch"
"0956797616672268","ntwek/Putnam_Sungkhasettee_amp_Roediger_Materials/Materials/PSR Psych Science E1 Materials/PSR_Psych_Science_E1_Materials/slideShow4-2/19.jpg","asset","ex1",NA,NA,"2026-03-31T16:17:23","Levi Baruch"
"0956797616672268","ntwek/Putnam_Sungkhasettee_amp_Roediger_Materials/Materials/PSR Psych Science E1 Materials/PSR_Psych_Science_E1_Materials/slideShow4-2/20.jpg","asset","ex1",NA,NA,"2026-03-31T16:17:23","Levi Baruch"
"0956797616672268","ntwek/Putnam_Sungkhasettee_amp_Roediger_Materials/Materials/PSR Psych Science E1 Materials/PSR_Psych_Science_E1_Materials/slideShow4-2/21-NotChecking.jpg","asset","ex1",NA,NA,"2026-03-31T16:17:23","Levi Baruch"
"0956797616672268","ntwek/Putnam_Sungkhasettee_amp_Roediger_Materials/Materials/PSR Psych Science E1 Materials/PSR_Psych_Science_E1_Materials/slideShow4-2/22.jpg","asset","ex1",NA,NA,"2026-03-31T16:17:23","Levi Baruch"
"0956797616672268","ntwek/Putnam_Sungkhasettee_amp_Roediger_Materials/Materials/PSR Psych Science E1 Materials/PSR_Psych_Science_E1_Materials/slideShow4-2/23.jpg","asset","ex1",NA,NA,"2026-03-31T16:17:23","Levi Baruch"
"0956797616672268","ntwek/Putnam_Sungkhasettee_amp_Roediger_Materials/Materials/PSR Psych Science E1 Materials/PSR_Psych_Science_E1_Materials/slideShow4-2/24.jpg","asset","ex1",NA,NA,"2026-03-31T16:17:23","Levi Baruch"
"0956797616672268","ntwek/Putnam_Sungkhasettee_amp_Roediger_Materials/Materials/PSR Psych Science E1 Materials/PSR_Psych_Science_E1_Materials/slideShow4-2/25.jpg","asset","ex1",NA,NA,"2026-03-31T16:17:23","Levi Baruch"
"0956797616672268","ntwek/Putnam_Sungkhasettee_amp_Roediger_Materials/Materials/PSR Psych Science E1 Materials/PSR_Psych_Science_E1_Materials/slideShow4-2/26-Neck.jpg","asset","ex1",NA,NA,"2026-03-31T16:17:23","Levi Baruch"
"0956797616672268","ntwek/Putnam_Sungkhasettee_amp_Roediger_Materials/Materials/PSR Psych Science E1 Materials/PSR_Psych_Science_E1_Materials/slideShow4-2/27.jpg","asset","ex1",NA,NA,"2026-03-31T16:17:23","Levi Baruch"
"0956797616672268","ntwek/Putnam_Sungkhasettee_amp_Roediger_Materials/Materials/PSR Psych Science E1 Materials/PSR_Psych_Science_E1_Materials/slideShow4-2/28-Hand.jpg","asset","ex1",NA,NA,"2026-03-31T16:17:23","Levi Baruch"
"0956797616672268","ntwek/Putnam_Sungkhasettee_amp_Roediger_Materials/Materials/PSR Psych Science E1 Materials/PSR_Psych_Science_E1_Materials/slideShow4-2/29.jpg","asset","ex1",NA,NA,"2026-03-31T16:17:23","Levi Baruch"
"0956797616672268","ntwek/Putnam_Sungkhasettee_amp_Roediger_Materials/Materials/PSR Psych Science E1 Materials/PSR_Psych_Science_E1_Materials/slideShow4-2/30.jpg","asset","ex1",NA,NA,"2026-03-31T16:17:23","Levi Baruch"
"0956797616672268","ntwek/Putnam_Sungkhasettee_amp_Roediger_Materials/Materials/PSR Psych Science E1 Materials/PSR_Psych_Science_E1_Materials/slideShow4-2/31.jpg","asset","ex1",NA,NA,"2026-03-31T16:17:23","Levi Baruch"
"0956797616672268","ntwek/Putnam_Sungkhasettee_amp_Roediger_Materials/Materials/PSR Psych Science E1 Materials/PSR_Psych_Science_E1_Materials/slideShow4-2/32-PhotocopierFirst.jpg","asset","ex1",NA,NA,"2026-03-31T16:17:23","Levi Baruch"
"0956797616672268","ntwek/Putnam_Sungkhasettee_amp_Roediger_Materials/Materials/PSR Psych Science E1 Materials/PSR_Psych_Science_E1_Materials/slideShow4-2/33.jpg","asset","ex1",NA,NA,"2026-03-31T16:17:23","Levi Baruch"
"0956797616672268","ntwek/Putnam_Sungkhasettee_amp_Roediger_Materials/Materials/PSR Psych Science E1 Materials/PSR_Psych_Science_E1_Materials/slideShow4-2/34.jpg","asset","ex1",NA,NA,"2026-03-31T16:17:23","Levi Baruch"
"0956797616672268","ntwek/Putnam_Sungkhasettee_amp_Roediger_Materials/Materials/PSR Psych Science E1 Materials/PSR_Psych_Science_E1_Materials/slideShow4-2/35.jpg","asset","ex1",NA,NA,"2026-03-31T16:17:23","Levi Baruch"
"0956797616672268","ntwek/Putnam_Sungkhasettee_amp_Roediger_Materials/Materials/PSR Psych Science E1 Materials/PSR_Psych_Science_E1_Materials/slideShow4-2/36.jpg","asset","ex1",NA,NA,"2026-03-31T16:17:23","Levi Baruch"
"0956797616672268","ntwek/Putnam_Sungkhasettee_amp_Roediger_Materials/Materials/PSR Psych Science E1 Materials/PSR_Psych_Science_E1_Materials/slideShow4-2/37.jpg","asset","ex1",NA,NA,"2026-03-31T16:17:23","Levi Baruch"
"0956797616672268","ntwek/Putnam_Sungkhasettee_amp_Roediger_Materials/Materials/PSR Psych Science E1 Materials/PSR_Psych_Science_E1_Materials/slideShow4-2/38-NervousLook.jpg","asset","ex1",NA,NA,"2026-03-31T16:17:23","Levi Baruch"
"0956797616672268","ntwek/Putnam_Sungkhasettee_amp_Roediger_Materials/Materials/PSR Psych Science E1 Materials/PSR_Psych_Science_E1_Materials/slideShow4-2/39.jpg","asset","ex1",NA,NA,"2026-03-31T16:17:23","Levi Baruch"
"0956797616672268","ntwek/Putnam_Sungkhasettee_amp_Roediger_Materials/Materials/PSR Psych Science E1 Materials/PSR_Psych_Science_E1_Materials/slideShow4-2/40.jpg","asset","ex1",NA,NA,"2026-03-31T16:17:23","Levi Baruch"
"0956797616672268","ntwek/Putnam_Sungkhasettee_amp_Roediger_Materials/Materials/PSR Psych Science E1 Materials/PSR_Psych_Science_E1_Materials/slideShow4-2/41.jpg","asset","ex1",NA,NA,"2026-03-31T16:17:23","Levi Baruch"
"0956797616672268","ntwek/Putnam_Sungkhasettee_amp_Roediger_Materials/Materials/PSR Psych Science E1 Materials/PSR_Psych_Science_E1_Materials/slideShow4-2/42.jpg","asset","ex1",NA,NA,"2026-03-31T16:17:23","Levi Baruch"
"0956797616672268","ntwek/Putnam_Sungkhasettee_amp_Roediger_Materials/Materials/PSR Psych Science E1 Materials/PSR_Psych_Science_E1_Materials/slideShow4-2/43.jpg","asset","ex1",NA,NA,"2026-03-31T16:17:23","Levi Baruch"
"0956797616672268","ntwek/Putnam_Sungkhasettee_amp_Roediger_Materials/Materials/PSR Psych Science E1 Materials/PSR_Psych_Science_E1_Materials/slideShow4-2/44.jpg","asset","ex1",NA,NA,"2026-03-31T16:17:23","Levi Baruch"
"0956797616672268","ntwek/Putnam_Sungkhasettee_amp_Roediger_Materials/Materials/PSR Psych Science E1 Materials/PSR_Psych_Science_E1_Materials/slideShow4-2/45.jpg","asset","ex1",NA,NA,"2026-03-31T16:17:23","Levi Baruch"
"0956797616672268","ntwek/Putnam_Sungkhasettee_amp_Roediger_Materials/Materials/PSR Psych Science E1 Materials/PSR_Psych_Science_E1_Materials/slideShow4-2/46.jpg","asset","ex1",NA,NA,"2026-03-31T16:17:23","Levi Baruch"
"0956797616672268","ntwek/Putnam_Sungkhasettee_amp_Roediger_Materials/Materials/PSR Psych Science E1 Materials/PSR_Psych_Science_E1_Materials/slideShow4-2/47.jpg","asset","ex1",NA,NA,"2026-03-31T16:17:23","Levi Baruch"
"0956797616672268","ntwek/Putnam_Sungkhasettee_amp_Roediger_Materials/Materials/PSR Psych Science E1 Materials/PSR_Psych_Science_E1_Materials/slideShow4-2/48.jpg","asset","ex1",NA,NA,"2026-03-31T16:17:23","Levi Baruch"
"0956797616672268","ntwek/Putnam_Sungkhasettee_amp_Roediger_Materials/Materials/PSR Psych Science E1 Materials/PSR_Psych_Science_E1_Materials/slideShow4-2/49.jpg","asset","ex1",NA,NA,"2026-03-31T16:17:23","Levi Baruch"
"0956797616672268","ntwek/Putnam_Sungkhasettee_amp_Roediger_Materials/Materials/PSR Psych Science E1 Materials/PSR_Psych_Science_E1_Materials/slideShow4-2/50-ShoulderHolding.jpg","asset","ex1",NA,NA,"2026-03-31T16:17:23","Levi Baruch"
"0956797616672268","ntwek/Putnam_Sungkhasettee_amp_Roediger_Materials/Materials/PSR Psych Science E1 Materials/PSR_Psych_Science_E1_Materials/slideShow4/03-LockingBike.jpg","asset","ex1",NA,NA,"2026-03-31T16:17:23","Levi Baruch"
"0956797616672268","ntwek/Putnam_Sungkhasettee_amp_Roediger_Materials/Materials/PSR Psych Science E1 Materials/PSR_Psych_Science_E1_Materials/slideShow4/04-LeftShoulder.jpg","asset","ex1",NA,NA,"2026-03-31T16:17:23","Levi Baruch"
"0956797616672268","ntwek/Putnam_Sungkhasettee_amp_Roediger_Materials/Materials/PSR Psych Science E1 Materials/PSR_Psych_Science_E1_Materials/slideShow4/05.jpg","asset","ex1",NA,NA,"2026-03-31T16:17:23","Levi Baruch"
"0956797616672268","ntwek/Putnam_Sungkhasettee_amp_Roediger_Materials/Materials/PSR Psych Science E1 Materials/PSR_Psych_Science_E1_Materials/slideShow4/08-RedTextbook.jpg","asset","ex1",NA,NA,"2026-03-31T16:17:23","Levi Baruch"
"0956797616672268","ntwek/Putnam_Sungkhasettee_amp_Roediger_Materials/Materials/PSR Psych Science E1 Materials/PSR_Psych_Science_E1_Materials/slideShow4/12.jpg","asset","ex1",NA,NA,"2026-03-31T16:17:23","Levi Baruch"
"0956797616672268","ntwek/Putnam_Sungkhasettee_amp_Roediger_Materials/Materials/PSR Psych Science E1 Materials/PSR_Psych_Science_E1_Materials/slideShow4/13-Angry.jpg","asset","ex1",NA,NA,"2026-03-31T16:17:23","Levi Baruch"
"0956797616672268","ntwek/Putnam_Sungkhasettee_amp_Roediger_Materials/Materials/PSR Psych Science E1 Materials/PSR_Psych_Science_E1_Materials/slideShow4/17-EmptyPepsi.jpg","asset","ex1",NA,NA,"2026-03-31T16:17:23","Levi Baruch"
"0956797616672268","ntwek/Putnam_Sungkhasettee_amp_Roediger_Materials/Materials/PSR Psych Science E1 Materials/PSR_Psych_Science_E1_Materials/slideShow4/18-WithGlasses.jpg","asset","ex1",NA,NA,"2026-03-31T16:17:23","Levi Baruch"
"0956797616672268","ntwek/Putnam_Sungkhasettee_amp_Roediger_Materials/Materials/PSR Psych Science E1 Materials/PSR_Psych_Science_E1_Materials/slideShow4/19.jpg","asset","ex1",NA,NA,"2026-03-31T16:17:23","Levi Baruch"
"0956797616672268","ntwek/Putnam_Sungkhasettee_amp_Roediger_Materials/Materials/PSR Psych Science E1 Materials/PSR_Psych_Science_E1_Materials/slideShow4/21-Checking.jpg","asset","ex1",NA,NA,"2026-03-31T16:17:23","Levi Baruch"
"0956797616672268","ntwek/Putnam_Sungkhasettee_amp_Roediger_Materials/Materials/PSR Psych Science E1 Materials/PSR_Psych_Science_E1_Materials/slideShow4/24.jpg","asset","ex1",NA,NA,"2026-03-31T16:17:23","Levi Baruch"
"0956797616672268","ntwek/Putnam_Sungkhasettee_amp_Roediger_Materials/Materials/PSR Psych Science E1 Materials/PSR_Psych_Science_E1_Materials/slideShow4/26-Head.jpg","asset","ex1",NA,NA,"2026-03-31T16:17:23","Levi Baruch"
"0956797616672268","ntwek/Putnam_Sungkhasettee_amp_Roediger_Materials/Materials/PSR Psych Science E1 Materials/PSR_Psych_Science_E1_Materials/slideShow4/28-Fist.jpg","asset","ex1",NA,NA,"2026-03-31T16:17:23","Levi Baruch"
"0956797616672268","ntwek/Putnam_Sungkhasettee_amp_Roediger_Materials/Materials/PSR Psych Science E1 Materials/PSR_Psych_Science_E1_Materials/slideShow4/32-MonitorFirst.jpg","asset","ex1",NA,NA,"2026-03-31T16:17:23","Levi Baruch"
"0956797616672268","ntwek/Putnam_Sungkhasettee_amp_Roediger_Materials/Materials/PSR Psych Science E1 Materials/PSR_Psych_Science_E1_Materials/slideShow4/34.jpg","asset","ex1",NA,NA,"2026-03-31T16:17:23","Levi Baruch"
"0956797616672268","ntwek/Putnam_Sungkhasettee_amp_Roediger_Materials/Materials/PSR Psych Science E1 Materials/PSR_Psych_Science_E1_Materials/slideShow4/38-LooksAway.jpg","asset","ex1",NA,NA,"2026-03-31T16:17:23","Levi Baruch"
"0956797616672268","ntwek/Putnam_Sungkhasettee_amp_Roediger_Materials/Materials/PSR Psych Science E1 Materials/PSR_Psych_Science_E1_Materials/slideShow4/40.jpg","asset","ex1",NA,NA,"2026-03-31T16:17:23","Levi Baruch"
"0956797616672268","ntwek/Putnam_Sungkhasettee_amp_Roediger_Materials/Materials/PSR Psych Science E1 Materials/PSR_Psych_Science_E1_Materials/slideShow4/43.jpg","asset","ex1",NA,NA,"2026-03-31T16:17:23","Levi Baruch"
"0956797616672268","ntwek/Putnam_Sungkhasettee_amp_Roediger_Materials/Materials/PSR Psych Science E1 Materials/PSR_Psych_Science_E1_Materials/slideShow4/44.jpg","asset","ex1",NA,NA,"2026-03-31T16:17:23","Levi Baruch"
"0956797616672268","ntwek/Putnam_Sungkhasettee_amp_Roediger_Materials/Materials/PSR Psych Science E1 Materials/PSR_Psych_Science_E1_Materials/slideShow4/50-HandHolding.jpg","asset","ex1",NA,NA,"2026-03-31T16:17:23","Levi Baruch"
"0956797616672268","ntwek/Putnam_Sungkhasettee_amp_Roediger_Materials/Materials/PSR Psych Science E1 Materials/PSR_Psych_Science_E1_Materials/slideShow6-2/01.jpg","asset","ex1",NA,NA,"2026-03-31T16:17:23","Levi Baruch"
"0956797616672268","ntwek/Putnam_Sungkhasettee_amp_Roediger_Materials/Materials/PSR Psych Science E1 Materials/PSR_Psych_Science_E1_Materials/slideShow6-2/02.jpg","asset","ex1",NA,NA,"2026-03-31T16:17:23","Levi Baruch"
"0956797616672268","ntwek/Putnam_Sungkhasettee_amp_Roediger_Materials/Materials/PSR Psych Science E1 Materials/PSR_Psych_Science_E1_Materials/slideShow6-2/03.jpg","asset","ex1",NA,NA,"2026-03-31T16:17:23","Levi Baruch"
"0956797616672268","ntwek/Putnam_Sungkhasettee_amp_Roediger_Materials/Materials/PSR Psych Science E1 Materials/PSR_Psych_Science_E1_Materials/slideShow6-2/04-RightWrist.jpg","asset","ex1",NA,NA,"2026-03-31T16:17:23","Levi Baruch"
"0956797616672268","ntwek/Putnam_Sungkhasettee_amp_Roediger_Materials/Materials/PSR Psych Science E1 Materials/PSR_Psych_Science_E1_Materials/slideShow6-2/05.jpg","asset","ex1",NA,NA,"2026-03-31T16:17:23","Levi Baruch"
"0956797616672268","ntwek/Putnam_Sungkhasettee_amp_Roediger_Materials/Materials/PSR Psych Science E1 Materials/PSR_Psych_Science_E1_Materials/slideShow6-2/06.jpg","asset","ex1",NA,NA,"2026-03-31T16:17:23","Levi Baruch"
"0956797616672268","ntwek/Putnam_Sungkhasettee_amp_Roediger_Materials/Materials/PSR Psych Science E1 Materials/PSR_Psych_Science_E1_Materials/slideShow6-2/07.jpg","asset","ex1",NA,NA,"2026-03-31T16:17:23","Levi Baruch"
"0956797616672268","ntwek/Putnam_Sungkhasettee_amp_Roediger_Materials/Materials/PSR Psych Science E1 Materials/PSR_Psych_Science_E1_Materials/slideShow6-2/08.jpg","asset","ex1",NA,NA,"2026-03-31T16:17:23","Levi Baruch"
"0956797616672268","ntwek/Putnam_Sungkhasettee_amp_Roediger_Materials/Materials/PSR Psych Science E1 Materials/PSR_Psych_Science_E1_Materials/slideShow6-2/09-Kiss.jpg","asset","ex1",NA,NA,"2026-03-31T16:17:23","Levi Baruch"
"0956797616672268","ntwek/Putnam_Sungkhasettee_amp_Roediger_Materials/Materials/PSR Psych Science E1 Materials/PSR_Psych_Science_E1_Materials/slideShow6-2/10-Pocketbook.jpg","asset","ex1",NA,NA,"2026-03-31T16:17:23","Levi Baruch"
"0956797616672268","ntwek/Putnam_Sungkhasettee_amp_Roediger_Materials/Materials/PSR Psych Science E1 Materials/PSR_Psych_Science_E1_Materials/slideShow6-2/11.jpg","asset","ex1",NA,NA,"2026-03-31T16:17:23","Levi Baruch"
"0956797616672268","ntwek/Putnam_Sungkhasettee_amp_Roediger_Materials/Materials/PSR Psych Science E1 Materials/PSR_Psych_Science_E1_Materials/slideShow6-2/12.jpg","asset","ex1",NA,NA,"2026-03-31T16:17:23","Levi Baruch"
"0956797616672268","ntwek/Putnam_Sungkhasettee_amp_Roediger_Materials/Materials/PSR Psych Science E1 Materials/PSR_Psych_Science_E1_Materials/slideShow6-2/13.jpg","asset","ex1",NA,NA,"2026-03-31T16:17:23","Levi Baruch"
"0956797616672268","ntwek/Putnam_Sungkhasettee_amp_Roediger_Materials/Materials/PSR Psych Science E1 Materials/PSR_Psych_Science_E1_Materials/slideShow6-2/14.jpg","asset","ex1",NA,NA,"2026-03-31T16:17:23","Levi Baruch"
"0956797616672268","ntwek/Putnam_Sungkhasettee_amp_Roediger_Materials/Materials/PSR Psych Science E1 Materials/PSR_Psych_Science_E1_Materials/slideShow6-2/15.jpg","asset","ex1",NA,NA,"2026-03-31T16:17:23","Levi Baruch"
"0956797616672268","ntwek/Putnam_Sungkhasettee_amp_Roediger_Materials/Materials/PSR Psych Science E1 Materials/PSR_Psych_Science_E1_Materials/slideShow6-2/16.jpg","asset","ex1",NA,NA,"2026-03-31T16:17:23","Levi Baruch"
"0956797616672268","ntwek/Putnam_Sungkhasettee_amp_Roediger_Materials/Materials/PSR Psych Science E1 Materials/PSR_Psych_Science_E1_Materials/slideShow6-2/17.jpg","asset","ex1",NA,NA,"2026-03-31T16:17:23","Levi Baruch"
"0956797616672268","ntwek/Putnam_Sungkhasettee_amp_Roediger_Materials/Materials/PSR Psych Science E1 Materials/PSR_Psych_Science_E1_Materials/slideShow6-2/18.jpg","asset","ex1",NA,NA,"2026-03-31T16:17:23","Levi Baruch"
"0956797616672268","ntwek/Putnam_Sungkhasettee_amp_Roediger_Materials/Materials/PSR Psych Science E1 Materials/PSR_Psych_Science_E1_Materials/slideShow6-2/19-Lipstick.jpg","asset","ex1",NA,NA,"2026-03-31T16:17:23","Levi Baruch"
"0956797616672268","ntwek/Putnam_Sungkhasettee_amp_Roediger_Materials/Materials/PSR Psych Science E1 Materials/PSR_Psych_Science_E1_Materials/slideShow6-2/20.jpg","asset","ex1",NA,NA,"2026-03-31T16:17:23","Levi Baruch"
"0956797616672268","ntwek/Putnam_Sungkhasettee_amp_Roediger_Materials/Materials/PSR Psych Science E1 Materials/PSR_Psych_Science_E1_Materials/slideShow6-2/21.jpg","asset","ex1",NA,NA,"2026-03-31T16:17:23","Levi Baruch"
"0956797616672268","ntwek/Putnam_Sungkhasettee_amp_Roediger_Materials/Materials/PSR Psych Science E1 Materials/PSR_Psych_Science_E1_Materials/slideShow6-2/22.jpg","asset","ex1",NA,NA,"2026-03-31T16:17:23","Levi Baruch"
"0956797616672268","ntwek/Putnam_Sungkhasettee_amp_Roediger_Materials/Materials/PSR Psych Science E1 Materials/PSR_Psych_Science_E1_Materials/slideShow6-2/23.jpg","asset","ex1",NA,NA,"2026-03-31T16:17:23","Levi Baruch"
"0956797616672268","ntwek/Putnam_Sungkhasettee_amp_Roediger_Materials/Materials/PSR Psych Science E1 Materials/PSR_Psych_Science_E1_Materials/slideShow6-2/24-Pointing.jpg","asset","ex1",NA,NA,"2026-03-31T16:17:23","Levi Baruch"
"0956797616672268","ntwek/Putnam_Sungkhasettee_amp_Roediger_Materials/Materials/PSR Psych Science E1 Materials/PSR_Psych_Science_E1_Materials/slideShow6-2/25.jpg","asset","ex1",NA,NA,"2026-03-31T16:17:23","Levi Baruch"
"0956797616672268","ntwek/Putnam_Sungkhasettee_amp_Roediger_Materials/Materials/PSR Psych Science E1 Materials/PSR_Psych_Science_E1_Materials/slideShow6-2/26.jpg","asset","ex1",NA,NA,"2026-03-31T16:17:23","Levi Baruch"
"0956797616672268","ntwek/Putnam_Sungkhasettee_amp_Roediger_Materials/Materials/PSR Psych Science E1 Materials/PSR_Psych_Science_E1_Materials/slideShow6-2/27-Open.jpg","asset","ex1",NA,NA,"2026-03-31T16:17:23","Levi Baruch"
"0956797616672268","ntwek/Putnam_Sungkhasettee_amp_Roediger_Materials/Materials/PSR Psych Science E1 Materials/PSR_Psych_Science_E1_Materials/slideShow6-2/28.jpg","asset","ex1",NA,NA,"2026-03-31T16:17:23","Levi Baruch"
"0956797616672268","ntwek/Putnam_Sungkhasettee_amp_Roediger_Materials/Materials/PSR Psych Science E1 Materials/PSR_Psych_Science_E1_Materials/slideShow6-2/29.jpg","asset","ex1",NA,NA,"2026-03-31T16:17:23","Levi Baruch"
"0956797616672268","ntwek/Putnam_Sungkhasettee_amp_Roediger_Materials/Materials/PSR Psych Science E1 Materials/PSR_Psych_Science_E1_Materials/slideShow6-2/30-Computer.jpg","asset","ex1",NA,NA,"2026-03-31T16:17:23","Levi Baruch"
"0956797616672268","ntwek/Putnam_Sungkhasettee_amp_Roediger_Materials/Materials/PSR Psych Science E1 Materials/PSR_Psych_Science_E1_Materials/slideShow6-2/31-Awake.jpg","asset","ex1",NA,NA,"2026-03-31T16:17:23","Levi Baruch"
"0956797616672268","ntwek/Putnam_Sungkhasettee_amp_Roediger_Materials/Materials/PSR Psych Science E1 Materials/PSR_Psych_Science_E1_Materials/slideShow6-2/32-TVbutton.jpg","asset","ex1",NA,NA,"2026-03-31T16:17:23","Levi Baruch"
"0956797616672268","ntwek/Putnam_Sungkhasettee_amp_Roediger_Materials/Materials/PSR Psych Science E1 Materials/PSR_Psych_Science_E1_Materials/slideShow6-2/33.jpg","asset","ex1",NA,NA,"2026-03-31T16:17:23","Levi Baruch"
"0956797616672268","ntwek/Putnam_Sungkhasettee_amp_Roediger_Materials/Materials/PSR Psych Science E1 Materials/PSR_Psych_Science_E1_Materials/slideShow6-2/34.jpg","asset","ex1",NA,NA,"2026-03-31T16:17:23","Levi Baruch"
"0956797616672268","ntwek/Putnam_Sungkhasettee_amp_Roediger_Materials/Materials/PSR Psych Science E1 Materials/PSR_Psych_Science_E1_Materials/slideShow6-2/35.jpg","asset","ex1",NA,NA,"2026-03-31T16:17:23","Levi Baruch"
"0956797616672268","ntwek/Putnam_Sungkhasettee_amp_Roediger_Materials/Materials/PSR Psych Science E1 Materials/PSR_Psych_Science_E1_Materials/slideShow6-2/36-Yelling.jpg","asset","ex1",NA,NA,"2026-03-31T16:17:23","Levi Baruch"
"0956797616672268","ntwek/Putnam_Sungkhasettee_amp_Roediger_Materials/Materials/PSR Psych Science E1 Materials/PSR_Psych_Science_E1_Materials/slideShow6-2/37.jpg","asset","ex1",NA,NA,"2026-03-31T16:17:23","Levi Baruch"
"0956797616672268","ntwek/Putnam_Sungkhasettee_amp_Roediger_Materials/Materials/PSR Psych Science E1 Materials/PSR_Psych_Science_E1_Materials/slideShow6-2/38-Pocketbook.jpg","asset","ex1",NA,NA,"2026-03-31T16:17:23","Levi Baruch"
"0956797616672268","ntwek/Putnam_Sungkhasettee_amp_Roediger_Materials/Materials/PSR Psych Science E1 Materials/PSR_Psych_Science_E1_Materials/slideShow6-2/39.jpg","asset","ex1",NA,NA,"2026-03-31T16:17:23","Levi Baruch"
"0956797616672268","ntwek/Putnam_Sungkhasettee_amp_Roediger_Materials/Materials/PSR Psych Science E1 Materials/PSR_Psych_Science_E1_Materials/slideShow6-2/40.jpg","asset","ex1",NA,NA,"2026-03-31T16:17:23","Levi Baruch"
"0956797616672268","ntwek/Putnam_Sungkhasettee_amp_Roediger_Materials/Materials/PSR Psych Science E1 Materials/PSR_Psych_Science_E1_Materials/slideShow6-2/41-SlammedDoor.jpg","asset","ex1",NA,NA,"2026-03-31T16:17:23","Levi Baruch"
"0956797616672268","ntwek/Putnam_Sungkhasettee_amp_Roediger_Materials/Materials/PSR Psych Science E1 Materials/PSR_Psych_Science_E1_Materials/slideShow6-2/42.jpg","asset","ex1",NA,NA,"2026-03-31T16:17:23","Levi Baruch"
"0956797616672268","ntwek/Putnam_Sungkhasettee_amp_Roediger_Materials/Materials/PSR Psych Science E1 Materials/PSR_Psych_Science_E1_Materials/slideShow6-2/43.jpg","asset","ex1",NA,NA,"2026-03-31T16:17:23","Levi Baruch"
"0956797616672268","ntwek/Putnam_Sungkhasettee_amp_Roediger_Materials/Materials/PSR Psych Science E1 Materials/PSR_Psych_Science_E1_Materials/slideShow6-2/44.jpg","asset","ex1",NA,NA,"2026-03-31T16:17:23","Levi Baruch"
"0956797616672268","ntwek/Putnam_Sungkhasettee_amp_Roediger_Materials/Materials/PSR Psych Science E1 Materials/PSR_Psych_Science_E1_Materials/slideShow6-2/45.jpg","asset","ex1",NA,NA,"2026-03-31T16:17:23","Levi Baruch"
"0956797616672268","ntwek/Putnam_Sungkhasettee_amp_Roediger_Materials/Materials/PSR Psych Science E1 Materials/PSR_Psych_Science_E1_Materials/slideShow6-2/46.jpg","asset","ex1",NA,NA,"2026-03-31T16:17:23","Levi Baruch"
"0956797616672268","ntwek/Putnam_Sungkhasettee_amp_Roediger_Materials/Materials/PSR Psych Science E1 Materials/PSR_Psych_Science_E1_Materials/slideShow6-2/47.jpg","asset","ex1",NA,NA,"2026-03-31T16:17:23","Levi Baruch"
"0956797616672268","ntwek/Putnam_Sungkhasettee_amp_Roediger_Materials/Materials/PSR Psych Science E1 Materials/PSR_Psych_Science_E1_Materials/slideShow6-2/48.jpg","asset","ex1",NA,NA,"2026-03-31T16:17:23","Levi Baruch"
"0956797616672268","ntwek/Putnam_Sungkhasettee_amp_Roediger_Materials/Materials/PSR Psych Science E1 Materials/PSR_Psych_Science_E1_Materials/slideShow6-2/49.jpg","asset","ex1",NA,NA,"2026-03-31T16:17:23","Levi Baruch"
"0956797616672268","ntwek/Putnam_Sungkhasettee_amp_Roediger_Materials/Materials/PSR Psych Science E1 Materials/PSR_Psych_Science_E1_Materials/slideShow6-2/50.jpg","asset","ex1",NA,NA,"2026-03-31T16:17:23","Levi Baruch"
"0956797616672268","ntwek/Putnam_Sungkhasettee_amp_Roediger_Materials/Materials/PSR Psych Science E1 Materials/PSR_Psych_Science_E1_Materials/slideShow6/04-LeftWrist.jpg","asset","ex1",NA,NA,"2026-03-31T16:17:23","Levi Baruch"
"0956797616672268","ntwek/Putnam_Sungkhasettee_amp_Roediger_Materials/Materials/PSR Psych Science E1 Materials/PSR_Psych_Science_E1_Materials/slideShow6/09-Hug.jpg","asset","ex1",NA,NA,"2026-03-31T16:17:23","Levi Baruch"
"0956797616672268","ntwek/Putnam_Sungkhasettee_amp_Roediger_Materials/Materials/PSR Psych Science E1 Materials/PSR_Psych_Science_E1_Materials/slideShow6/10-Jacket.jpg","asset","ex1",NA,NA,"2026-03-31T16:17:23","Levi Baruch"
"0956797616672268","ntwek/Putnam_Sungkhasettee_amp_Roediger_Materials/Materials/PSR Psych Science E1 Materials/PSR_Psych_Science_E1_Materials/slideShow6/19-Hairbrush.jpg","asset","ex1",NA,NA,"2026-03-31T16:17:23","Levi Baruch"
"0956797616672268","ntwek/Putnam_Sungkhasettee_amp_Roediger_Materials/Materials/PSR Psych Science E1 Materials/PSR_Psych_Science_E1_Materials/slideShow6/24-Ignoring.jpg","asset","ex1",NA,NA,"2026-03-31T16:17:23","Levi Baruch"
"0956797616672268","ntwek/Putnam_Sungkhasettee_amp_Roediger_Materials/Materials/PSR Psych Science E1 Materials/PSR_Psych_Science_E1_Materials/slideShow6/27-Closed.jpg","asset","ex1",NA,NA,"2026-03-31T16:17:23","Levi Baruch"
"0956797616672268","ntwek/Putnam_Sungkhasettee_amp_Roediger_Materials/Materials/PSR Psych Science E1 Materials/PSR_Psych_Science_E1_Materials/slideShow6/30-Bookcase.jpg","asset","ex1",NA,NA,"2026-03-31T16:17:23","Levi Baruch"
"0956797616672268","ntwek/Putnam_Sungkhasettee_amp_Roediger_Materials/Materials/PSR Psych Science E1 Materials/PSR_Psych_Science_E1_Materials/slideShow6/31-Asleep.jpg","asset","ex1",NA,NA,"2026-03-31T16:17:23","Levi Baruch"
"0956797616672268","ntwek/Putnam_Sungkhasettee_amp_Roediger_Materials/Materials/PSR Psych Science E1 Materials/PSR_Psych_Science_E1_Materials/slideShow6/32-Remote.jpg","asset","ex1",NA,NA,"2026-03-31T16:17:23","Levi Baruch"
"0956797616672268","ntwek/Putnam_Sungkhasettee_amp_Roediger_Materials/Materials/PSR Psych Science E1 Materials/PSR_Psych_Science_E1_Materials/slideShow6/36-Crying.jpg","asset","ex1",NA,NA,"2026-03-31T16:17:23","Levi Baruch"
"0956797616672268","ntwek/Putnam_Sungkhasettee_amp_Roediger_Materials/Materials/PSR Psych Science E1 Materials/PSR_Psych_Science_E1_Materials/slideShow6/38-Jacket.jpg","asset","ex1",NA,NA,"2026-03-31T16:17:23","Levi Baruch"
"0956797616672268","ntwek/Putnam_Sungkhasettee_amp_Roediger_Materials/Materials/PSR Psych Science E1 Materials/PSR_Psych_Science_E1_Materials/slideShow6/41-OpenDoor.jpg","asset","ex1",NA,NA,"2026-03-31T16:17:23","Levi Baruch"
"0956797616672268","ntwek/Putnam_Sungkhasettee_amp_Roediger_Materials/Materials/PSR Psych Science E1 Materials/PSR_Psych_Science_E1_Materials/slideShow6/42.jpg","asset","ex1",NA,NA,"2026-03-31T16:17:23","Levi Baruch"
"0956797616672268","ntwek/Putnam_Sungkhasettee_amp_Roediger_Materials/Materials/PSR Psych Science E1 Materials/PSR_Psych_Science_E1_Materials/slideShow6/45.jpg","asset","ex1",NA,NA,"2026-03-31T16:17:23","Levi Baruch"
"0956797616672268","ntwek/Putnam_Sungkhasettee_amp_Roediger_Materials/Materials/PSR Psych Science E1 Materials/PSR_Psych_Science_E1_Materials/slideShow7-2/01.jpg","asset","ex1",NA,NA,"2026-03-31T16:17:23","Levi Baruch"
"0956797616672268","ntwek/Putnam_Sungkhasettee_amp_Roediger_Materials/Materials/PSR Psych Science E1 Materials/PSR_Psych_Science_E1_Materials/slideShow7-2/02.jpg","asset","ex1",NA,NA,"2026-03-31T16:17:23","Levi Baruch"
"0956797616672268","ntwek/Putnam_Sungkhasettee_amp_Roediger_Materials/Materials/PSR Psych Science E1 Materials/PSR_Psych_Science_E1_Materials/slideShow7-2/03.jpg","asset","ex1",NA,NA,"2026-03-31T16:17:23","Levi Baruch"
"0956797616672268","ntwek/Putnam_Sungkhasettee_amp_Roediger_Materials/Materials/PSR Psych Science E1 Materials/PSR_Psych_Science_E1_Materials/slideShow7-2/04.jpg","asset","ex1",NA,NA,"2026-03-31T16:17:23","Levi Baruch"
"0956797616672268","ntwek/Putnam_Sungkhasettee_amp_Roediger_Materials/Materials/PSR Psych Science E1 Materials/PSR_Psych_Science_E1_Materials/slideShow7-2/05.jpg","asset","ex1",NA,NA,"2026-03-31T16:17:23","Levi Baruch"
"0956797616672268","ntwek/Putnam_Sungkhasettee_amp_Roediger_Materials/Materials/PSR Psych Science E1 Materials/PSR_Psych_Science_E1_Materials/slideShow7-2/06.jpg","asset","ex1",NA,NA,"2026-03-31T16:17:23","Levi Baruch"
"0956797616672268","ntwek/Putnam_Sungkhasettee_amp_Roediger_Materials/Materials/PSR Psych Science E1 Materials/PSR_Psych_Science_E1_Materials/slideShow7-2/07.jpg","asset","ex1",NA,NA,"2026-03-31T16:17:23","Levi Baruch"
"0956797616672268","ntwek/Putnam_Sungkhasettee_amp_Roediger_Materials/Materials/PSR Psych Science E1 Materials/PSR_Psych_Science_E1_Materials/slideShow7-2/08.jpg","asset","ex1",NA,NA,"2026-03-31T16:17:23","Levi Baruch"
"0956797616672268","ntwek/Putnam_Sungkhasettee_amp_Roediger_Materials/Materials/PSR Psych Science E1 Materials/PSR_Psych_Science_E1_Materials/slideShow7-2/09.jpg","asset","ex1",NA,NA,"2026-03-31T16:17:23","Levi Baruch"
"0956797616672268","ntwek/Putnam_Sungkhasettee_amp_Roediger_Materials/Materials/PSR Psych Science E1 Materials/PSR_Psych_Science_E1_Materials/slideShow7-2/10.jpg","asset","ex1",NA,NA,"2026-03-31T16:17:23","Levi Baruch"
"0956797616672268","ntwek/Putnam_Sungkhasettee_amp_Roediger_Materials/Materials/PSR Psych Science E1 Materials/PSR_Psych_Science_E1_Materials/slideShow7-2/11-XFiles.jpg","asset","ex1",NA,NA,"2026-03-31T16:17:23","Levi Baruch"
"0956797616672268","ntwek/Putnam_Sungkhasettee_amp_Roediger_Materials/Materials/PSR Psych Science E1 Materials/PSR_Psych_Science_E1_Materials/slideShow7-2/12-Pleased.jpg","asset","ex1",NA,NA,"2026-03-31T16:17:23","Levi Baruch"
"0956797616672268","ntwek/Putnam_Sungkhasettee_amp_Roediger_Materials/Materials/PSR Psych Science E1 Materials/PSR_Psych_Science_E1_Materials/slideShow7-2/13.jpg","asset","ex1",NA,NA,"2026-03-31T16:17:23","Levi Baruch"
"0956797616672268","ntwek/Putnam_Sungkhasettee_amp_Roediger_Materials/Materials/PSR Psych Science E1 Materials/PSR_Psych_Science_E1_Materials/slideShow7-2/14-Wave.jpg","asset","ex1",NA,NA,"2026-03-31T16:17:23","Levi Baruch"
"0956797616672268","ntwek/Putnam_Sungkhasettee_amp_Roediger_Materials/Materials/PSR Psych Science E1 Materials/PSR_Psych_Science_E1_Materials/slideShow7-2/15.jpg","asset","ex1",NA,NA,"2026-03-31T16:17:23","Levi Baruch"
"0956797616672268","ntwek/Putnam_Sungkhasettee_amp_Roediger_Materials/Materials/PSR Psych Science E1 Materials/PSR_Psych_Science_E1_Materials/slideShow7-2/16.jpg","asset","ex1",NA,NA,"2026-03-31T16:17:23","Levi Baruch"
"0956797616672268","ntwek/Putnam_Sungkhasettee_amp_Roediger_Materials/Materials/PSR Psych Science E1 Materials/PSR_Psych_Science_E1_Materials/slideShow7-2/17.jpg","asset","ex1",NA,NA,"2026-03-31T16:17:23","Levi Baruch"
"0956797616672268","ntwek/Putnam_Sungkhasettee_amp_Roediger_Materials/Materials/PSR Psych Science E1 Materials/PSR_Psych_Science_E1_Materials/slideShow7-2/18-Tea.jpg","asset","ex1",NA,NA,"2026-03-31T16:17:23","Levi Baruch"
"0956797616672268","ntwek/Putnam_Sungkhasettee_amp_Roediger_Materials/Materials/PSR Psych Science E1 Materials/PSR_Psych_Science_E1_Materials/slideShow7-2/19-Front.jpg","asset","ex1",NA,NA,"2026-03-31T16:17:23","Levi Baruch"
"0956797616672268","ntwek/Putnam_Sungkhasettee_amp_Roediger_Materials/Materials/PSR Psych Science E1 Materials/PSR_Psych_Science_E1_Materials/slideShow7-2/20.jpg","asset","ex1",NA,NA,"2026-03-31T16:17:23","Levi Baruch"
"0956797616672268","ntwek/Putnam_Sungkhasettee_amp_Roediger_Materials/Materials/PSR Psych Science E1 Materials/PSR_Psych_Science_E1_Materials/slideShow7-2/21.jpg","asset","ex1",NA,NA,"2026-03-31T16:17:23","Levi Baruch"
"0956797616672268","ntwek/Putnam_Sungkhasettee_amp_Roediger_Materials/Materials/PSR Psych Science E1 Materials/PSR_Psych_Science_E1_Materials/slideShow7-2/22-Neck.jpg","asset","ex1",NA,NA,"2026-03-31T16:17:23","Levi Baruch"
"0956797616672268","ntwek/Putnam_Sungkhasettee_amp_Roediger_Materials/Materials/PSR Psych Science E1 Materials/PSR_Psych_Science_E1_Materials/slideShow7-2/23.jpg","asset","ex1",NA,NA,"2026-03-31T16:17:23","Levi Baruch"
"0956797616672268","ntwek/Putnam_Sungkhasettee_amp_Roediger_Materials/Materials/PSR Psych Science E1 Materials/PSR_Psych_Science_E1_Materials/slideShow7-2/24.jpg","asset","ex1",NA,NA,"2026-03-31T16:17:23","Levi Baruch"
"0956797616672268","ntwek/Putnam_Sungkhasettee_amp_Roediger_Materials/Materials/PSR Psych Science E1 Materials/PSR_Psych_Science_E1_Materials/slideShow7-2/25-UntiedLaces.jpg","asset","ex1",NA,NA,"2026-03-31T16:17:23","Levi Baruch"
"0956797616672268","ntwek/Putnam_Sungkhasettee_amp_Roediger_Materials/Materials/PSR Psych Science E1 Materials/PSR_Psych_Science_E1_Materials/slideShow7-2/26-Sunglasses.jpg","asset","ex1",NA,NA,"2026-03-31T16:17:23","Levi Baruch"
"0956797616672268","ntwek/Putnam_Sungkhasettee_amp_Roediger_Materials/Materials/PSR Psych Science E1 Materials/PSR_Psych_Science_E1_Materials/slideShow7-2/27.jpg","asset","ex1",NA,NA,"2026-03-31T16:17:23","Levi Baruch"
"0956797616672268","ntwek/Putnam_Sungkhasettee_amp_Roediger_Materials/Materials/PSR Psych Science E1 Materials/PSR_Psych_Science_E1_Materials/slideShow7-2/28-RightArm.jpg","asset","ex1",NA,NA,"2026-03-31T16:17:23","Levi Baruch"
"0956797616672268","ntwek/Putnam_Sungkhasettee_amp_Roediger_Materials/Materials/PSR Psych Science E1 Materials/PSR_Psych_Science_E1_Materials/slideShow7-2/29-PantsPocket.jpg","asset","ex1",NA,NA,"2026-03-31T16:17:23","Levi Baruch"
"0956797616672268","ntwek/Putnam_Sungkhasettee_amp_Roediger_Materials/Materials/PSR Psych Science E1 Materials/PSR_Psych_Science_E1_Materials/slideShow7-2/30.jpg","asset","ex1",NA,NA,"2026-03-31T16:17:23","Levi Baruch"
"0956797616672268","ntwek/Putnam_Sungkhasettee_amp_Roediger_Materials/Materials/PSR Psych Science E1 Materials/PSR_Psych_Science_E1_Materials/slideShow7-2/31.jpg","asset","ex1",NA,NA,"2026-03-31T16:17:23","Levi Baruch"
"0956797616672268","ntwek/Putnam_Sungkhasettee_amp_Roediger_Materials/Materials/PSR Psych Science E1 Materials/PSR_Psych_Science_E1_Materials/slideShow7-2/32.jpg","asset","ex1",NA,NA,"2026-03-31T16:17:23","Levi Baruch"
"0956797616672268","ntwek/Putnam_Sungkhasettee_amp_Roediger_Materials/Materials/PSR Psych Science E1 Materials/PSR_Psych_Science_E1_Materials/slideShow7-2/33.jpg","asset","ex1",NA,NA,"2026-03-31T16:17:23","Levi Baruch"
"0956797616672268","ntwek/Putnam_Sungkhasettee_amp_Roediger_Materials/Materials/PSR Psych Science E1 Materials/PSR_Psych_Science_E1_Materials/slideShow7-2/34.jpg","asset","ex1",NA,NA,"2026-03-31T16:17:23","Levi Baruch"
"0956797616672268","ntwek/Putnam_Sungkhasettee_amp_Roediger_Materials/Materials/PSR Psych Science E1 Materials/PSR_Psych_Science_E1_Materials/slideShow7-2/35.jpg","asset","ex1",NA,NA,"2026-03-31T16:17:23","Levi Baruch"
"0956797616672268","ntwek/Putnam_Sungkhasettee_amp_Roediger_Materials/Materials/PSR Psych Science E1 Materials/PSR_Psych_Science_E1_Materials/slideShow7-2/36-Scarf.jpg","asset","ex1",NA,NA,"2026-03-31T16:17:23","Levi Baruch"
"0956797616672268","ntwek/Putnam_Sungkhasettee_amp_Roediger_Materials/Materials/PSR Psych Science E1 Materials/PSR_Psych_Science_E1_Materials/slideShow7-2/37.jpg","asset","ex1",NA,NA,"2026-03-31T16:17:23","Levi Baruch"
"0956797616672268","ntwek/Putnam_Sungkhasettee_amp_Roediger_Materials/Materials/PSR Psych Science E1 Materials/PSR_Psych_Science_E1_Materials/slideShow7-2/38.jpg","asset","ex1",NA,NA,"2026-03-31T16:17:23","Levi Baruch"
"0956797616672268","ntwek/Putnam_Sungkhasettee_amp_Roediger_Materials/Materials/PSR Psych Science E1 Materials/PSR_Psych_Science_E1_Materials/slideShow7-2/39.jpg","asset","ex1",NA,NA,"2026-03-31T16:17:23","Levi Baruch"
"0956797616672268","ntwek/Putnam_Sungkhasettee_amp_Roediger_Materials/Materials/PSR Psych Science E1 Materials/PSR_Psych_Science_E1_Materials/slideShow7-2/40.jpg","asset","ex1",NA,NA,"2026-03-31T16:17:23","Levi Baruch"
"0956797616672268","ntwek/Putnam_Sungkhasettee_amp_Roediger_Materials/Materials/PSR Psych Science E1 Materials/PSR_Psych_Science_E1_Materials/slideShow7-2/41.jpg","asset","ex1",NA,NA,"2026-03-31T16:17:23","Levi Baruch"
"0956797616672268","ntwek/Putnam_Sungkhasettee_amp_Roediger_Materials/Materials/PSR Psych Science E1 Materials/PSR_Psych_Science_E1_Materials/slideShow7-2/42.jpg","asset","ex1",NA,NA,"2026-03-31T16:17:23","Levi Baruch"
"0956797616672268","ntwek/Putnam_Sungkhasettee_amp_Roediger_Materials/Materials/PSR Psych Science E1 Materials/PSR_Psych_Science_E1_Materials/slideShow7-2/43.jpg","asset","ex1",NA,NA,"2026-03-31T16:17:23","Levi Baruch"
"0956797616672268","ntwek/Putnam_Sungkhasettee_amp_Roediger_Materials/Materials/PSR Psych Science E1 Materials/PSR_Psych_Science_E1_Materials/slideShow7-2/44.jpg","asset","ex1",NA,NA,"2026-03-31T16:17:23","Levi Baruch"
"0956797616672268","ntwek/Putnam_Sungkhasettee_amp_Roediger_Materials/Materials/PSR Psych Science E1 Materials/PSR_Psych_Science_E1_Materials/slideShow7-2/45.JPG","asset","ex1",NA,NA,"2026-03-31T16:17:23","Levi Baruch"
"0956797616672268","ntwek/Putnam_Sungkhasettee_amp_Roediger_Materials/Materials/PSR Psych Science E1 Materials/PSR_Psych_Science_E1_Materials/slideShow7-2/46.jpg","asset","ex1",NA,NA,"2026-03-31T16:17:23","Levi Baruch"
"0956797616672268","ntwek/Putnam_Sungkhasettee_amp_Roediger_Materials/Materials/PSR Psych Science E1 Materials/PSR_Psych_Science_E1_Materials/slideShow7-2/47.jpg","asset","ex1",NA,NA,"2026-03-31T16:17:23","Levi Baruch"
"0956797616672268","ntwek/Putnam_Sungkhasettee_amp_Roediger_Materials/Materials/PSR Psych Science E1 Materials/PSR_Psych_Science_E1_Materials/slideShow7-2/48.jpg","asset","ex1",NA,NA,"2026-03-31T16:17:23","Levi Baruch"
"0956797616672268","ntwek/Putnam_Sungkhasettee_amp_Roediger_Materials/Materials/PSR Psych Science E1 Materials/PSR_Psych_Science_E1_Materials/slideShow7-2/49.jpg","asset","ex1",NA,NA,"2026-03-31T16:17:23","Levi Baruch"
"0956797616672268","ntwek/Putnam_Sungkhasettee_amp_Roediger_Materials/Materials/PSR Psych Science E1 Materials/PSR_Psych_Science_E1_Materials/slideShow7-2/50-Tree.jpg","asset","ex1",NA,NA,"2026-03-31T16:17:23","Levi Baruch"
"0956797616672268","ntwek/Putnam_Sungkhasettee_amp_Roediger_Materials/Materials/PSR Psych Science E1 Materials/PSR_Psych_Science_E1_Materials/slideShow7/11-SouthPark.jpg","asset","ex1",NA,NA,"2026-03-31T16:17:23","Levi Baruch"
"0956797616672268","ntwek/Putnam_Sungkhasettee_amp_Roediger_Materials/Materials/PSR Psych Science E1 Materials/PSR_Psych_Science_E1_Materials/slideShow7/12-Displeased.jpg","asset","ex1",NA,NA,"2026-03-31T16:17:23","Levi Baruch"
"0956797616672268","ntwek/Putnam_Sungkhasettee_amp_Roediger_Materials/Materials/PSR Psych Science E1 Materials/PSR_Psych_Science_E1_Materials/slideShow7/14-Hug.jpg","asset","ex1",NA,NA,"2026-03-31T16:17:23","Levi Baruch"
"0956797616672268","ntwek/Putnam_Sungkhasettee_amp_Roediger_Materials/Materials/PSR Psych Science E1 Materials/PSR_Psych_Science_E1_Materials/slideShow7/18-Coffee.jpg","asset","ex1",NA,NA,"2026-03-31T16:17:23","Levi Baruch"
"0956797616672268","ntwek/Putnam_Sungkhasettee_amp_Roediger_Materials/Materials/PSR Psych Science E1 Materials/PSR_Psych_Science_E1_Materials/slideShow7/19-Back.jpg","asset","ex1",NA,NA,"2026-03-31T16:17:23","Levi Baruch"
"0956797616672268","ntwek/Putnam_Sungkhasettee_amp_Roediger_Materials/Materials/PSR Psych Science E1 Materials/PSR_Psych_Science_E1_Materials/slideShow7/22-Arm.jpg","asset","ex1",NA,NA,"2026-03-31T16:17:23","Levi Baruch"
"0956797616672268","ntwek/Putnam_Sungkhasettee_amp_Roediger_Materials/Materials/PSR Psych Science E1 Materials/PSR_Psych_Science_E1_Materials/slideShow7/25-TiedLaces.jpg","asset","ex1",NA,NA,"2026-03-31T16:17:23","Levi Baruch"
"0956797616672268","ntwek/Putnam_Sungkhasettee_amp_Roediger_Materials/Materials/PSR Psych Science E1 Materials/PSR_Psych_Science_E1_Materials/slideShow7/26-Mirror.jpg","asset","ex1",NA,NA,"2026-03-31T16:17:23","Levi Baruch"
"0956797616672268","ntwek/Putnam_Sungkhasettee_amp_Roediger_Materials/Materials/PSR Psych Science E1 Materials/PSR_Psych_Science_E1_Materials/slideShow7/28-LeftArm.jpg","asset","ex1",NA,NA,"2026-03-31T16:17:23","Levi Baruch"
"0956797616672268","ntwek/Putnam_Sungkhasettee_amp_Roediger_Materials/Materials/PSR Psych Science E1 Materials/PSR_Psych_Science_E1_Materials/slideShow7/29-JacketPocket.jpg","asset","ex1",NA,NA,"2026-03-31T16:17:23","Levi Baruch"
"0956797616672268","ntwek/Putnam_Sungkhasettee_amp_Roediger_Materials/Materials/PSR Psych Science E1 Materials/PSR_Psych_Science_E1_Materials/slideShow7/36-Cell.jpg","asset","ex1",NA,NA,"2026-03-31T16:17:23","Levi Baruch"
"0956797616672268","ntwek/Putnam_Sungkhasettee_amp_Roediger_Materials/Materials/PSR Psych Science E1 Materials/PSR_Psych_Science_E1_Materials/slideShow7/50-Door.jpg","asset","ex1",NA,NA,"2026-03-31T16:17:23","Levi Baruch"
"0956797616672268","ntwek/Putnam_Sungkhasettee_amp_Roediger_Materials/Materials/PSR Psych Science E1 Materials/PSR_Psych_Science_E1_Materials/test/seq1-2TestAlpha_seq1-2TestAlpha.cvs.csv.csv","supplemental","ex1",NA,NA,"2026-03-31T16:18:15","Levi Baruch"
"0956797616672268","ntwek/Putnam_Sungkhasettee_amp_Roediger_Materials/Materials/PSR Psych Science E1 Materials/PSR_Psych_Science_E1_Materials/test/seq1-2TestBravo_seq1-2TestBeta.csv.csv","supplemental","ex1",NA,NA,"2026-03-31T16:18:15","Levi Baruch"
"0956797616672268","ntwek/Putnam_Sungkhasettee_amp_Roediger_Materials/Materials/PSR Psych Science E1 Materials/PSR_Psych_Science_E1_Materials/test/seq1-2TestCharlie_seq1-2TestCharlie.csv.csv","supplemental","ex1",NA,NA,"2026-03-31T16:18:15","Levi Baruch"
"0956797616672268","ntwek/Putnam_Sungkhasettee_amp_Roediger_Materials/Materials/PSR Psych Science E1 Materials/PSR_Psych_Science_E1_Materials/test/seq1TestAlpha_seq1TestAlpha.csv.csv","supplemental","ex1",NA,NA,"2026-03-31T16:18:15","Levi Baruch"
"0956797616672268","ntwek/Putnam_Sungkhasettee_amp_Roediger_Materials/Materials/PSR Psych Science E1 Materials/PSR_Psych_Science_E1_Materials/test/seq1TestBravo_seq1TestBeta.csv.csv","supplemental","ex1",NA,NA,"2026-03-31T16:18:15","Levi Baruch"
"0956797616672268","ntwek/Putnam_Sungkhasettee_amp_Roediger_Materials/Materials/PSR Psych Science E1 Materials/PSR_Psych_Science_E1_Materials/test/seq1TestCharlie_seq1TestCharlie.csv.csv","supplemental","ex1",NA,NA,"2026-03-31T16:18:15","Levi Baruch"
"0956797616672268","ntwek/Putnam_Sungkhasettee_amp_Roediger_Materials/Materials/PSR Psych Science E1 Materials/PSR_Psych_Science_E1_Materials/test/seq2-2TestAlpha_seq2-2TestAlpha.csv.csv","supplemental","ex1",NA,NA,"2026-03-31T16:18:15","Levi Baruch"
"0956797616672268","ntwek/Putnam_Sungkhasettee_amp_Roediger_Materials/Materials/PSR Psych Science E1 Materials/PSR_Psych_Science_E1_Materials/test/seq2-2TestBravo_seq2-2TestBeta.csv.csv","supplemental","ex1",NA,NA,"2026-03-31T16:18:15","Levi Baruch"
"0956797616672268","ntwek/Putnam_Sungkhasettee_amp_Roediger_Materials/Materials/PSR Psych Science E1 Materials/PSR_Psych_Science_E1_Materials/test/seq2-2TestCharlie_seq2-2TestCharlie.csv.csv","supplemental","ex1",NA,NA,"2026-03-31T16:18:15","Levi Baruch"
"0956797616672268","ntwek/Putnam_Sungkhasettee_amp_Roediger_Materials/Materials/PSR Psych Science E1 Materials/PSR_Psych_Science_E1_Materials/test/seq2TestAlpha_seq2TestAlpha.csv.csv","supplemental","ex1",NA,NA,"2026-03-31T16:18:15","Levi Baruch"
"0956797616672268","ntwek/Putnam_Sungkhasettee_amp_Roediger_Materials/Materials/PSR Psych Science E1 Materials/PSR_Psych_Science_E1_Materials/test/seq2TestBravo_seq2TestBeta.csv.csv","supplemental","ex1",NA,NA,"2026-03-31T16:18:15","Levi Baruch"
"0956797616672268","ntwek/Putnam_Sungkhasettee_amp_Roediger_Materials/Materials/PSR Psych Science E1 Materials/PSR_Psych_Science_E1_Materials/test/seq2TestCharlie_seq2TestCharlie.csv.csv","supplemental","ex1",NA,NA,"2026-03-31T16:18:15","Levi Baruch"
"0956797616672268","ntwek/Putnam_Sungkhasettee_amp_Roediger_Materials/Materials/PSR Psych Science E1 Materials/PSR_Psych_Science_E1_Materials/test/seq3-2TestAlpha_seq3-2TestAlpha.csv.csv","supplemental","ex1",NA,NA,"2026-03-31T16:18:15","Levi Baruch"
"0956797616672268","ntwek/Putnam_Sungkhasettee_amp_Roediger_Materials/Materials/PSR Psych Science E1 Materials/PSR_Psych_Science_E1_Materials/test/seq3-2TestBravo_seq3-2TestBeta.csv.csv","supplemental","ex1",NA,NA,"2026-03-31T16:18:15","Levi Baruch"
"0956797616672268","ntwek/Putnam_Sungkhasettee_amp_Roediger_Materials/Materials/PSR Psych Science E1 Materials/PSR_Psych_Science_E1_Materials/test/seq3-2TestCharlie_seq3-2TestCharlie.csv.csv","supplemental","ex1",NA,NA,"2026-03-31T16:18:15","Levi Baruch"
"0956797616672268","ntwek/Putnam_Sungkhasettee_amp_Roediger_Materials/Materials/PSR Psych Science E1 Materials/PSR_Psych_Science_E1_Materials/test/seq3TestAlpha_seq3TestAlpha.csv.csv","supplemental","ex1",NA,NA,"2026-03-31T16:18:15","Levi Baruch"
"0956797616672268","ntwek/Putnam_Sungkhasettee_amp_Roediger_Materials/Materials/PSR Psych Science E1 Materials/PSR_Psych_Science_E1_Materials/test/seq3TestBravo_seq3TestBeta.csv.csv","supplemental","ex1",NA,NA,"2026-03-31T16:18:15","Levi Baruch"
"0956797616672268","ntwek/Putnam_Sungkhasettee_amp_Roediger_Materials/Materials/PSR Psych Science E1 Materials/PSR_Psych_Science_E1_Materials/test/seq3TestCharlie_seq3TestCharlie.csv.csv","supplemental","ex1",NA,NA,"2026-03-31T16:18:15","Levi Baruch"
"0956797616672268","ntwek/Putnam_Sungkhasettee_amp_Roediger_Materials/Materials/PSR Psych Science E1 Materials/PSR_Psych_Science_E1_Materials/test/seq4-2TestAlpha_seq4-2TestAlpha.csv.csv","supplemental","ex1",NA,NA,"2026-03-31T16:18:15","Levi Baruch"
"0956797616672268","ntwek/Putnam_Sungkhasettee_amp_Roediger_Materials/Materials/PSR Psych Science E1 Materials/PSR_Psych_Science_E1_Materials/test/seq4-2TestBravo_seq4-2TestBeta.csv.csv","supplemental","ex1",NA,NA,"2026-03-31T16:18:15","Levi Baruch"
"0956797616672268","ntwek/Putnam_Sungkhasettee_amp_Roediger_Materials/Materials/PSR Psych Science E1 Materials/PSR_Psych_Science_E1_Materials/test/seq4-2TestCharlie_seq4-2TestCharlie.csv.csv","supplemental","ex1",NA,NA,"2026-03-31T16:18:15","Levi Baruch"
"0956797616672268","ntwek/Putnam_Sungkhasettee_amp_Roediger_Materials/Materials/PSR Psych Science E1 Materials/PSR_Psych_Science_E1_Materials/test/seq4TestAlpha_seq4TestAlpha.csv.csv","supplemental","ex1",NA,NA,"2026-03-31T16:18:15","Levi Baruch"
"0956797616672268","ntwek/Putnam_Sungkhasettee_amp_Roediger_Materials/Materials/PSR Psych Science E1 Materials/PSR_Psych_Science_E1_Materials/test/seq4TestBravo_seq4TestBeta.csv.csv","supplemental","ex1",NA,NA,"2026-03-31T16:18:15","Levi Baruch"
"0956797616672268","ntwek/Putnam_Sungkhasettee_amp_Roediger_Materials/Materials/PSR Psych Science E1 Materials/PSR_Psych_Science_E1_Materials/test/seq4TestCharlie_seq4TestCharlie.csv.csv","supplemental","ex1",NA,NA,"2026-03-31T16:18:15","Levi Baruch"
"0956797616672268","ntwek/Putnam_Sungkhasettee_amp_Roediger_Materials/Materials/PSR Psych Science E1 Materials/PSR_Psych_Science_E1_Materials/test/seq6-2TestAlpha_seq6-2TestAlpha.csv.csv","supplemental","ex1",NA,NA,"2026-03-31T16:18:15","Levi Baruch"
"0956797616672268","ntwek/Putnam_Sungkhasettee_amp_Roediger_Materials/Materials/PSR Psych Science E1 Materials/PSR_Psych_Science_E1_Materials/test/seq6-2TestBravo_seq6-2TestBeta.csv.csv","supplemental","ex1",NA,NA,"2026-03-31T16:18:15","Levi Baruch"
"0956797616672268","ntwek/Putnam_Sungkhasettee_amp_Roediger_Materials/Materials/PSR Psych Science E1 Materials/PSR_Psych_Science_E1_Materials/test/seq6-2TestCharlie_seq6-2TestCharlie.csv.csv","supplemental","ex1",NA,NA,"2026-03-31T16:18:15","Levi Baruch"
"0956797616672268","ntwek/Putnam_Sungkhasettee_amp_Roediger_Materials/Materials/PSR Psych Science E1 Materials/PSR_Psych_Science_E1_Materials/test/seq6TestAlpha_seq6TestAlpha.csv.csv","supplemental","ex1",NA,NA,"2026-03-31T16:18:15","Levi Baruch"
"0956797616672268","ntwek/Putnam_Sungkhasettee_amp_Roediger_Materials/Materials/PSR Psych Science E1 Materials/PSR_Psych_Science_E1_Materials/test/seq6TestBravo_seq6TestBeta.csv.csv","supplemental","ex1",NA,NA,"2026-03-31T16:18:15","Levi Baruch"
"0956797616672268","ntwek/Putnam_Sungkhasettee_amp_Roediger_Materials/Materials/PSR Psych Science E1 Materials/PSR_Psych_Science_E1_Materials/test/seq6TestCharlie_seq6TestCharlie.csv.csv","supplemental","ex1",NA,NA,"2026-03-31T16:18:15","Levi Baruch"
"0956797616672268","ntwek/Putnam_Sungkhasettee_amp_Roediger_Materials/Materials/PSR Psych Science E1 Materials/PSR_Psych_Science_E1_Materials/test/seq7-2TestAlpha_seq7-2TestAlpha.csv.csv","supplemental","ex1",NA,NA,"2026-03-31T16:18:15","Levi Baruch"
"0956797616672268","ntwek/Putnam_Sungkhasettee_amp_Roediger_Materials/Materials/PSR Psych Science E1 Materials/PSR_Psych_Science_E1_Materials/test/seq7-2TestBravo_seq7-2TestBeta.csv.csv","supplemental","ex1",NA,NA,"2026-03-31T16:18:15","Levi Baruch"
"0956797616672268","ntwek/Putnam_Sungkhasettee_amp_Roediger_Materials/Materials/PSR Psych Science E1 Materials/PSR_Psych_Science_E1_Materials/test/seq7-2TestCharlie_seq7-2TestCharlie.csv.csv","supplemental","ex1",NA,NA,"2026-03-31T16:18:15","Levi Baruch"
"0956797616672268","ntwek/Putnam_Sungkhasettee_amp_Roediger_Materials/Materials/PSR Psych Science E1 Materials/PSR_Psych_Science_E1_Materials/test/seq7TestAlpha_seq7TestAlpha.csv.csv","supplemental","ex1",NA,NA,"2026-03-31T16:18:15","Levi Baruch"
"0956797616672268","ntwek/Putnam_Sungkhasettee_amp_Roediger_Materials/Materials/PSR Psych Science E1 Materials/PSR_Psych_Science_E1_Materials/test/seq7TestBravo_seq7TestBeta.csv.csv","supplemental","ex1",NA,NA,"2026-03-31T16:18:15","Levi Baruch"
"0956797616672268","ntwek/Putnam_Sungkhasettee_amp_Roediger_Materials/Materials/PSR Psych Science E1 Materials/PSR_Psych_Science_E1_Materials/test/seq7TestCharlie_seq7TestCharlie.csv.csv","supplemental","ex1",NA,NA,"2026-03-31T16:18:15","Levi Baruch"
"0956797616672268","ntwek/Putnam_Sungkhasettee_amp_Roediger_Materials/Materials/PSR Psych Science E1 Materials/PSR_Psych_Science_E1_Materials/testSeqA_Sheet1.csv","supplemental","ex1",NA,NA,"2026-03-31T16:18:20","Levi Baruch"
"0956797616672268","ntwek/Putnam_Sungkhasettee_amp_Roediger_Materials/Materials/PSR Psych Science E1 Materials/PSR_Psych_Science_E1_Materials/testSeqB_Sheet1.csv","supplemental","ex1",NA,NA,"2026-03-31T16:18:20","Levi Baruch"
"0956797616672268","ntwek/Putnam_Sungkhasettee_amp_Roediger_Materials/Materials/PSR Psych Science E1 Materials/PSR_Psych_Science_E1_Materials/testSeqC_Sheet1.csv","supplemental","ex1",NA,NA,"2026-03-31T16:18:20","Levi Baruch"
"0956797616672268","ntwek/Putnam_Sungkhasettee_amp_Roediger_Materials/Materials/PSR Psych Science E1 Materials/PSR_Psych_Science_E1_Materials/testSeqD_Sheet1.csv","supplemental","ex1",NA,NA,"2026-03-31T16:18:20","Levi Baruch"
"0956797616672268","ntwek/Putnam_Sungkhasettee_amp_Roediger_Materials/Materials/PSR Psych Science E1 Materials/PSR_Psych_Science_E1_Materials/testSeqE_Sheet1.csv","supplemental","ex1",NA,NA,"2026-03-31T16:18:20","Levi Baruch"
"0956797616672268","ntwek/Putnam_Sungkhasettee_amp_Roediger_Materials/Materials/PSR Psych Science E1 Materials/PSR_Psych_Science_E1_Materials/testSeqF_Sheet1.csv","supplemental","ex1",NA,NA,"2026-03-31T16:18:20","Levi Baruch"
"0956797616672268","ntwek/Putnam_Sungkhasettee_amp_Roediger_Materials/Materials/PSR Psych Science E1 Materials/PSR_Psych_Science_E1_Materials/textSeqSelectorA_textSeqSelectorA.csv.csv","supplemental","ex1",NA,NA,"2026-03-31T16:18:27","Levi Baruch"
"0956797616672268","ntwek/Putnam_Sungkhasettee_amp_Roediger_Materials/Materials/PSR Psych Science E1 Materials/PSR_Psych_Science_E1_Materials/textSeqSelectorB_textSeqSelectorB.csv.csv","supplemental","ex1",NA,NA,"2026-03-31T16:18:27","Levi Baruch"
"0956797616672268","ntwek/Putnam_Sungkhasettee_amp_Roediger_Materials/Materials/PSR Psych Science E1 Materials/PSR_Psych_Science_E1_Materials/textSeqSelectorC_textSeqSelectorC.csv.csv","supplemental","ex1",NA,NA,"2026-03-31T16:18:27","Levi Baruch"
"0956797616672268","ntwek/Putnam_Sungkhasettee_amp_Roediger_Materials/Materials/PSR Psych Science E1 Materials/PSR_Psych_Science_E1_Materials/textSeqSelectorD_textSeqSelectorD.csv.csv","supplemental","ex1",NA,NA,"2026-03-31T16:18:27","Levi Baruch"
"0956797616672268","ntwek/Putnam_Sungkhasettee_amp_Roediger_Materials/Materials/PSR Psych Science E1 Materials/PSR_Psych_Science_E1_Materials/textSeqSelectorE_textSeqSelectorE.csv.csv","supplemental","ex1",NA,NA,"2026-03-31T16:18:27","Levi Baruch"
"0956797616672268","ntwek/Putnam_Sungkhasettee_amp_Roediger_Materials/Materials/PSR Psych Science E1 Materials/PSR_Psych_Science_E1_Materials/textSeqSelectorF_textSeqSelectorF.csv.csv","supplemental","ex1",NA,NA,"2026-03-31T16:18:27","Levi Baruch"
"0956797616672268","ntwek/Putnam_Sungkhasettee_amp_Roediger_Materials/Materials/PSR Psych Science E1 Materials/PSR_Psych_Science_E1_Materials/textSequences/textSeq1-2Alpha_Sheet1 - Table 1 - Table 1.csv","supplemental","ex1",NA,NA,"2026-03-31T16:18:39","Levi Baruch"
"0956797616672268","ntwek/Putnam_Sungkhasettee_amp_Roediger_Materials/Materials/PSR Psych Science E1 Materials/PSR_Psych_Science_E1_Materials/textSequences/textSeq1-2Bravo_Sheet1 - Table 1 - Table 1.csv","supplemental","ex1",NA,NA,"2026-03-31T16:18:39","Levi Baruch"
"0956797616672268","ntwek/Putnam_Sungkhasettee_amp_Roediger_Materials/Materials/PSR Psych Science E1 Materials/PSR_Psych_Science_E1_Materials/textSequences/textSeq1-2Charlie_Sheet1 - Table 1.csv","supplemental","ex1",NA,NA,"2026-03-31T16:18:39","Levi Baruch"
"0956797616672268","ntwek/Putnam_Sungkhasettee_amp_Roediger_Materials/Materials/PSR Psych Science E1 Materials/PSR_Psych_Science_E1_Materials/textSequences/textSeq1Alpha_Sheet1.csv","supplemental","ex1",NA,NA,"2026-03-31T16:18:39","Levi Baruch"
"0956797616672268","ntwek/Putnam_Sungkhasettee_amp_Roediger_Materials/Materials/PSR Psych Science E1 Materials/PSR_Psych_Science_E1_Materials/textSequences/textSeq1Bravo_Sheet1.csv","supplemental","ex1",NA,NA,"2026-03-31T16:18:39","Levi Baruch"
"0956797616672268","ntwek/Putnam_Sungkhasettee_amp_Roediger_Materials/Materials/PSR Psych Science E1 Materials/PSR_Psych_Science_E1_Materials/textSequences/textSeq1Charlie_Sheet1.csv","supplemental","ex1",NA,NA,"2026-03-31T16:18:39","Levi Baruch"
"0956797616672268","ntwek/Putnam_Sungkhasettee_amp_Roediger_Materials/Materials/PSR Psych Science E1 Materials/PSR_Psych_Science_E1_Materials/textSequences/textSeq2-2Alpha_Sheet1 - Table 1 - Table 1.csv","supplemental","ex1",NA,NA,"2026-03-31T16:18:39","Levi Baruch"
"0956797616672268","ntwek/Putnam_Sungkhasettee_amp_Roediger_Materials/Materials/PSR Psych Science E1 Materials/PSR_Psych_Science_E1_Materials/textSequences/textSeq2-2Bravo_Sheet1 - Table 1 - Table 1.csv","supplemental","ex1",NA,NA,"2026-03-31T16:18:39","Levi Baruch"
"0956797616672268","ntwek/Putnam_Sungkhasettee_amp_Roediger_Materials/Materials/PSR Psych Science E1 Materials/PSR_Psych_Science_E1_Materials/textSequences/textSeq2-2Charlie_Sheet1 - Table 1.csv","supplemental","ex1",NA,NA,"2026-03-31T16:18:39","Levi Baruch"
"0956797616672268","ntwek/Putnam_Sungkhasettee_amp_Roediger_Materials/Materials/PSR Psych Science E1 Materials/PSR_Psych_Science_E1_Materials/textSequences/textSeq2Alpha_Sheet1 - Table 1 - Table 1.csv","supplemental","ex1",NA,NA,"2026-03-31T16:18:39","Levi Baruch"
"0956797616672268","ntwek/Putnam_Sungkhasettee_amp_Roediger_Materials/Materials/PSR Psych Science E1 Materials/PSR_Psych_Science_E1_Materials/textSequences/textSeq2Bravo_Sheet1 - Table 1 - Table 1.csv","supplemental","ex1",NA,NA,"2026-03-31T16:18:39","Levi Baruch"
"0956797616672268","ntwek/Putnam_Sungkhasettee_amp_Roediger_Materials/Materials/PSR Psych Science E1 Materials/PSR_Psych_Science_E1_Materials/textSequences/textSeq2Charlie_Sheet1 - Table 1.csv","supplemental","ex1",NA,NA,"2026-03-31T16:18:39","Levi Baruch"
"0956797616672268","ntwek/Putnam_Sungkhasettee_amp_Roediger_Materials/Materials/PSR Psych Science E1 Materials/PSR_Psych_Science_E1_Materials/textSequences/textSeq3-2Alpha_Sheet1 - Table 1 - Table 1.csv","supplemental","ex1",NA,NA,"2026-03-31T16:18:39","Levi Baruch"
"0956797616672268","ntwek/Putnam_Sungkhasettee_amp_Roediger_Materials/Materials/PSR Psych Science E1 Materials/PSR_Psych_Science_E1_Materials/textSequences/textSeq3-2Bravo_Sheet1 - Table 1 - Table 1.csv","supplemental","ex1",NA,NA,"2026-03-31T16:18:39","Levi Baruch"
"0956797616672268","ntwek/Putnam_Sungkhasettee_amp_Roediger_Materials/Materials/PSR Psych Science E1 Materials/PSR_Psych_Science_E1_Materials/textSequences/textSeq3-2Charlie_Sheet1 - Table 1.csv","supplemental","ex1",NA,NA,"2026-03-31T16:18:39","Levi Baruch"
"0956797616672268","ntwek/Putnam_Sungkhasettee_amp_Roediger_Materials/Materials/PSR Psych Science E1 Materials/PSR_Psych_Science_E1_Materials/textSequences/textSeq3Alpha_Sheet1 - Table 1 - Table 1.csv","supplemental","ex1",NA,NA,"2026-03-31T16:18:39","Levi Baruch"
"0956797616672268","ntwek/Putnam_Sungkhasettee_amp_Roediger_Materials/Materials/PSR Psych Science E1 Materials/PSR_Psych_Science_E1_Materials/textSequences/textSeq3Bravo_Sheet1 - Table 1 - Table 1.csv","supplemental","ex1",NA,NA,"2026-03-31T16:18:39","Levi Baruch"
"0956797616672268","ntwek/Putnam_Sungkhasettee_amp_Roediger_Materials/Materials/PSR Psych Science E1 Materials/PSR_Psych_Science_E1_Materials/textSequences/textSeq3Charlie_Sheet1 - Table 1.csv","supplemental","ex1",NA,NA,"2026-03-31T16:18:39","Levi Baruch"
"0956797616672268","ntwek/Putnam_Sungkhasettee_amp_Roediger_Materials/Materials/PSR Psych Science E1 Materials/PSR_Psych_Science_E1_Materials/textSequences/textSeq4-2Alpha_Sheet1 - Table 1 - Table 1.csv","supplemental","ex1",NA,NA,"2026-03-31T16:18:39","Levi Baruch"
"0956797616672268","ntwek/Putnam_Sungkhasettee_amp_Roediger_Materials/Materials/PSR Psych Science E1 Materials/PSR_Psych_Science_E1_Materials/textSequences/textSeq4-2Bravo_Sheet1 - Table 1 - Table 1.csv","supplemental","ex1",NA,NA,"2026-03-31T16:18:39","Levi Baruch"
"0956797616672268","ntwek/Putnam_Sungkhasettee_amp_Roediger_Materials/Materials/PSR Psych Science E1 Materials/PSR_Psych_Science_E1_Materials/textSequences/textSeq4-2Charlie_Sheet1 - Table 1.csv","supplemental","ex1",NA,NA,"2026-03-31T16:18:39","Levi Baruch"
"0956797616672268","ntwek/Putnam_Sungkhasettee_amp_Roediger_Materials/Materials/PSR Psych Science E1 Materials/PSR_Psych_Science_E1_Materials/textSequences/textSeq4Alpha_Sheet1 - Table 1 - Table 1.csv","supplemental","ex1",NA,NA,"2026-03-31T16:18:39","Levi Baruch"
"0956797616672268","ntwek/Putnam_Sungkhasettee_amp_Roediger_Materials/Materials/PSR Psych Science E1 Materials/PSR_Psych_Science_E1_Materials/textSequences/textSeq4Bravo_Sheet1 - Table 1 - Table 1.csv","supplemental","ex1",NA,NA,"2026-03-31T16:18:39","Levi Baruch"
"0956797616672268","ntwek/Putnam_Sungkhasettee_amp_Roediger_Materials/Materials/PSR Psych Science E1 Materials/PSR_Psych_Science_E1_Materials/textSequences/textSeq4Charlie_Sheet1 - Table 1.csv","supplemental","ex1",NA,NA,"2026-03-31T16:18:39","Levi Baruch"
"0956797616672268","ntwek/Putnam_Sungkhasettee_amp_Roediger_Materials/Materials/PSR Psych Science E1 Materials/PSR_Psych_Science_E1_Materials/textSequences/textSeq6-2Alpha_Sheet1 - Table 1 - Table 1.csv","supplemental","ex1",NA,NA,"2026-03-31T16:18:39","Levi Baruch"
"0956797616672268","ntwek/Putnam_Sungkhasettee_amp_Roediger_Materials/Materials/PSR Psych Science E1 Materials/PSR_Psych_Science_E1_Materials/textSequences/textSeq6-2Bravo_Sheet1 - Table 1 - Table 1.csv","supplemental","ex1",NA,NA,"2026-03-31T16:18:39","Levi Baruch"
"0956797616672268","ntwek/Putnam_Sungkhasettee_amp_Roediger_Materials/Materials/PSR Psych Science E1 Materials/PSR_Psych_Science_E1_Materials/textSequences/textSeq6-2Charlie_Sheet1 - Table 1.csv","supplemental","ex1",NA,NA,"2026-03-31T16:18:39","Levi Baruch"
"0956797616672268","ntwek/Putnam_Sungkhasettee_amp_Roediger_Materials/Materials/PSR Psych Science E1 Materials/PSR_Psych_Science_E1_Materials/textSequences/textSeq6Alpha_Sheet1 - Table 1 - Table 1.csv","supplemental","ex1",NA,NA,"2026-03-31T16:18:39","Levi Baruch"
"0956797616672268","ntwek/Putnam_Sungkhasettee_amp_Roediger_Materials/Materials/PSR Psych Science E1 Materials/PSR_Psych_Science_E1_Materials/textSequences/textSeq6Bravo_Sheet1 - Table 1 - Table 1.csv","supplemental","ex1",NA,NA,"2026-03-31T16:18:39","Levi Baruch"
"0956797616672268","ntwek/Putnam_Sungkhasettee_amp_Roediger_Materials/Materials/PSR Psych Science E1 Materials/PSR_Psych_Science_E1_Materials/textSequences/textSeq6Charlie_Sheet1 - Table 1.csv","supplemental","ex1",NA,NA,"2026-03-31T16:18:39","Levi Baruch"
"0956797616672268","ntwek/Putnam_Sungkhasettee_amp_Roediger_Materials/Materials/PSR Psych Science E1 Materials/PSR_Psych_Science_E1_Materials/textSequences/textSeq7-2Alpha_Sheet1 - Table 1 - Table 1.csv","supplemental","ex1",NA,NA,"2026-03-31T16:18:39","Levi Baruch"
"0956797616672268","ntwek/Putnam_Sungkhasettee_amp_Roediger_Materials/Materials/PSR Psych Science E1 Materials/PSR_Psych_Science_E1_Materials/textSequences/textSeq7-2Bravo_Sheet1 - Table 1 - Table 1.csv","supplemental","ex1",NA,NA,"2026-03-31T16:18:39","Levi Baruch"
"0956797616672268","ntwek/Putnam_Sungkhasettee_amp_Roediger_Materials/Materials/PSR Psych Science E1 Materials/PSR_Psych_Science_E1_Materials/textSequences/textSeq7-2Charlie_Sheet1 - Table 1.csv","supplemental","ex1",NA,NA,"2026-03-31T16:18:39","Levi Baruch"
"0956797616672268","ntwek/Putnam_Sungkhasettee_amp_Roediger_Materials/Materials/PSR Psych Science E1 Materials/PSR_Psych_Science_E1_Materials/textSequences/textSeq7Alpha_Sheet1 - Table 1 - Table 1.csv","supplemental","ex1",NA,NA,"2026-03-31T16:18:39","Levi Baruch"
"0956797616672268","ntwek/Putnam_Sungkhasettee_amp_Roediger_Materials/Materials/PSR Psych Science E1 Materials/PSR_Psych_Science_E1_Materials/textSequences/textSeq7Bravo_Sheet1 - Table 1 - Table 1.csv","supplemental","ex1",NA,NA,"2026-03-31T16:18:39","Levi Baruch"
"0956797616672268","ntwek/Putnam_Sungkhasettee_amp_Roediger_Materials/Materials/PSR Psych Science E1 Materials/PSR_Psych_Science_E1_Materials/textSequences/textSeq7Charlie_Sheet1 - Table 1.csv","supplemental","ex1",NA,NA,"2026-03-31T16:18:39","Levi Baruch"
"0956797616672268","ntwek/Putnam_Sungkhasettee_amp_Roediger_Materials/Materials/PSR Psych Science E2 Materials/PSR_Psych_Science_E2_Materials/data/1_2016_Sep_09_1554.csv","data","ex2","combined","tabular","2026-03-31T16:18:52","Levi Baruch"
"0956797616672268","ntwek/Putnam_Sungkhasettee_amp_Roediger_Materials/Materials/PSR Psych Science E2 Materials/PSR_Psych_Science_E2_Materials/data/1_2016_Sep_09_1554.log","output","ex2",NA,NA,"2026-03-31T16:18:56","Levi Baruch"
"0956797616672268","ntwek/Putnam_Sungkhasettee_amp_Roediger_Materials/Materials/PSR Psych Science E2 Materials/PSR_Psych_Science_E2_Materials/data/1_2016_Sep_09_1554.psydat","data","ex2","combined","raw","2026-04-02T12:51:51","Levi Baruch"
"0956797616672268","ntwek/Putnam_Sungkhasettee_amp_Roediger_Materials/Materials/PSR Psych Science E2 Materials/PSR_Psych_Science_E2_Materials/test/seq1-2TestAlpha_seq1-2TestAlpha.cvs.csv.csv","supplemental","ex2",NA,NA,"2026-03-31T16:24:23","Levi Baruch"
"0956797616672268","ntwek/Putnam_Sungkhasettee_amp_Roediger_Materials/Materials/PSR Psych Science E2 Materials/PSR_Psych_Science_E2_Materials/test/seq1-2TestCharlie_seq1-2TestCharlie.csv.csv","supplemental","ex2",NA,NA,"2026-03-31T16:24:24","Levi Baruch"
"0956797616672268","ntwek/Putnam_Sungkhasettee_amp_Roediger_Materials/Materials/PSR Psych Science E2 Materials/PSR_Psych_Science_E2_Materials/Misinformation09_Control.psyexp","software","ex2",NA,NA,"2026-04-02T12:50:47","Levi Baruch"
"0956797616672268","ntwek/Putnam_Sungkhasettee_amp_Roediger_Materials/Materials/PSR Psych Science E2 Materials/PSR_Psych_Science_E2_Materials/Misinformation09_Detection.psyexp","software","ex2",NA,NA,"2026-04-02T12:50:47","Levi Baruch"
"0956797616672268","ntwek/Putnam_Sungkhasettee_amp_Roediger_Materials/Materials/PSR Psych Science E2 Materials/PSR_Psych_Science_E2_Materials/test/seq1TestAlpha_seq1TestAlpha.csv.csv","data","ex2","combined","tabular","2026-03-31T16:37:27","Levi Baruch"
"0956797616672268","ntwek/Putnam_Sungkhasettee_amp_Roediger_Materials/Materials/PSR Psych Science E2 Materials/PSR_Psych_Science_E2_Materials/test/seq1TestBravo_seq1TestBeta.csv.csv","data","ex2","combined","tabular","2026-03-31T16:37:27","Levi Baruch"
"0956797616672268","ntwek/Putnam_Sungkhasettee_amp_Roediger_Materials/Materials/PSR Psych Science E2 Materials/PSR_Psych_Science_E2_Materials/test/seq1TestCharlie_seq1TestCharlie.csv.csv","data","ex2","combined","tabular","2026-03-31T16:37:27","Levi Baruch"
"0956797616672268","ntwek/Putnam_Sungkhasettee_amp_Roediger_Materials/Materials/PSR Psych Science E2 Materials/PSR_Psych_Science_E2_Materials/test/seq2-2TestAlpha_Sheet1.csv","data","ex2","combined","tabular","2026-03-31T16:37:27","Levi Baruch"
"0956797616672268","ntwek/Putnam_Sungkhasettee_amp_Roediger_Materials/Materials/PSR Psych Science E2 Materials/PSR_Psych_Science_E2_Materials/test/seq2-2TestBravo_Sheet1.csv","data","ex2","combined","tabular","2026-03-31T16:37:27","Levi Baruch"
"0956797616672268","ntwek/Putnam_Sungkhasettee_amp_Roediger_Materials/Materials/PSR Psych Science E2 Materials/PSR_Psych_Science_E2_Materials/test/seq2-2TestCharlie_seq2-2TestCharlie.csv.csv","data","ex2","combined","tabular","2026-03-31T16:37:27","Levi Baruch"
"0956797616672268","ntwek/Putnam_Sungkhasettee_amp_Roediger_Materials/Materials/PSR Psych Science E2 Materials/PSR_Psych_Science_E2_Materials/test/seq2TestAlpha_seq2TestAlpha.csv.csv","data","ex2","combined","tabular","2026-03-31T16:37:27","Levi Baruch"
"0956797616672268","ntwek/Putnam_Sungkhasettee_amp_Roediger_Materials/Materials/PSR Psych Science E2 Materials/PSR_Psych_Science_E2_Materials/test/seq2TestBravo_seq2TestBeta.csv.csv","data","ex2","combined","tabular","2026-03-31T16:37:27","Levi Baruch"
"0956797616672268","ntwek/Putnam_Sungkhasettee_amp_Roediger_Materials/Materials/PSR Psych Science E2 Materials/PSR_Psych_Science_E2_Materials/test/seq2TestCharlie_seq2TestCharlie.csv.csv","data","ex2","combined","tabular","2026-03-31T16:37:27","Levi Baruch"
"0956797616672268","ntwek/Putnam_Sungkhasettee_amp_Roediger_Materials/Materials/PSR Psych Science E2 Materials/PSR_Psych_Science_E2_Materials/test/seq3-2TestAlpha_seq3-2TestAlpha.csv.csv","data","ex2","combined","tabular","2026-03-31T16:37:27","Levi Baruch"
"0956797616672268","ntwek/Putnam_Sungkhasettee_amp_Roediger_Materials/Materials/PSR Psych Science E2 Materials/PSR_Psych_Science_E2_Materials/test/seq3-2TestBravo_seq3-2TestBeta.csv.csv","data","ex2","combined","tabular","2026-03-31T16:37:27","Levi Baruch"
"0956797616672268","ntwek/Putnam_Sungkhasettee_amp_Roediger_Materials/Materials/PSR Psych Science E2 Materials/PSR_Psych_Science_E2_Materials/test/seq3-2TestCharlie_seq3-2TestCharlie.csv.csv","data","ex2","combined","tabular","2026-03-31T16:37:27","Levi Baruch"
"0956797616672268","ntwek/Putnam_Sungkhasettee_amp_Roediger_Materials/Materials/PSR Psych Science E2 Materials/PSR_Psych_Science_E2_Materials/test/seq3TestAlpha_seq3TestAlpha.csv.csv","data","ex2","combined","tabular","2026-03-31T16:37:27","Levi Baruch"
"0956797616672268","ntwek/Putnam_Sungkhasettee_amp_Roediger_Materials/Materials/PSR Psych Science E2 Materials/PSR_Psych_Science_E2_Materials/test/seq3TestBravo_seq3TestBeta.csv.csv","data","ex2","combined","tabular","2026-03-31T16:37:27","Levi Baruch"
"0956797616672268","ntwek/Putnam_Sungkhasettee_amp_Roediger_Materials/Materials/PSR Psych Science E2 Materials/PSR_Psych_Science_E2_Materials/test/seq3TestCharlie_seq3TestCharlie.csv.csv","data","ex2","combined","tabular","2026-03-31T16:37:27","Levi Baruch"
"0956797616672268","ntwek/Putnam_Sungkhasettee_amp_Roediger_Materials/Materials/read me.txt","readme","shared",NA,NA,"2026-03-31T16:37:39","Levi Baruch"
"0956797616672268","Project_Data/data key.txt","codebook","shared",NA,NA,"2026-03-31T16:37:43","Levi Baruch"
"0956797616672268","Project_Data/PSR Data_E1 Data.csv","data","ex1","combined","tabular","2026-03-31T16:38:09","Levi Baruch"
"0956797616672268","Project_Data/PSR Data_E2 Data.csv","data","ex2","combined","tabular","2026-03-31T16:38:11","Levi Baruch"
"0956797616672268","Project_Data/PSR Data_HLM Item (E2).csv","data","ex2","combined","tabular","2026-03-31T16:38:12","Levi Baruch"
"0956797616672268","Project_Data/PSR Data_HLM Subject (E2).csv","data","ex2","combined","tabular","2026-03-31T16:38:13","Levi Baruch"
"0956797616672268","Project_Data/PSR Data_Item Analysis (all Es).csv","data","shared","combined","tabular","2026-03-31T16:38:17","Levi Baruch"
"0956797616672268","Project_Data/PSR Data_Pilot Data.csv","data","pilot1","combined","tabular","2026-03-31T16:38:20","Levi Baruch"
"0956797616672268","ntwek/Putnam_Sungkhasettee_amp_Roediger_Materials/Materials/PSR Psych Science E1 Materials/PSR_Psych_Science_E1_Materials/slideShow1-2/01.jpg","asset","ex1",NA,NA,"2026-03-31T16:38:31","Levi Baruch"
"0956797616672268","ntwek/Putnam_Sungkhasettee_amp_Roediger_Materials/Materials/PSR Psych Science E1 Materials/PSR_Psych_Science_E1_Materials/slideShow1-2/02.JPG","asset","ex1",NA,NA,"2026-03-31T16:38:31","Levi Baruch"
"0956797616672268","ntwek/Putnam_Sungkhasettee_amp_Roediger_Materials/Materials/PSR Psych Science E1 Materials/PSR_Psych_Science_E1_Materials/slideShow1-2/03.JPG","asset","ex1",NA,NA,"2026-03-31T16:38:31","Levi Baruch"
"0956797616672268","ntwek/Putnam_Sungkhasettee_amp_Roediger_Materials/Materials/PSR Psych Science E1 Materials/PSR_Psych_Science_E1_Materials/slideShow1-2/04.JPG","asset","ex1",NA,NA,"2026-03-31T16:38:31","Levi Baruch"
"0956797616672268","ntwek/Putnam_Sungkhasettee_amp_Roediger_Materials/Materials/PSR Psych Science E1 Materials/PSR_Psych_Science_E1_Materials/slideShow1-2/05.JPG","asset","ex1",NA,NA,"2026-03-31T16:38:31","Levi Baruch"
"0956797616672268","ntwek/Putnam_Sungkhasettee_amp_Roediger_Materials/Materials/PSR Psych Science E1 Materials/PSR_Psych_Science_E1_Materials/slideShow1-2/06.JPG","asset","ex1",NA,NA,"2026-03-31T16:38:31","Levi Baruch"
"0956797616672268","ntwek/Putnam_Sungkhasettee_amp_Roediger_Materials/Materials/PSR Psych Science E1 Materials/PSR_Psych_Science_E1_Materials/slideShow1-2/07-hanger.JPG","asset","ex1",NA,NA,"2026-03-31T16:38:31","Levi Baruch"
"0956797616672268","ntwek/Putnam_Sungkhasettee_amp_Roediger_Materials/Materials/PSR Psych Science E1 Materials/PSR_Psych_Science_E1_Materials/slideShow1-2/08.JPG","asset","ex1",NA,NA,"2026-03-31T16:38:31","Levi Baruch"
"0956797616672268","ntwek/Putnam_Sungkhasettee_amp_Roediger_Materials/Materials/PSR Psych Science E1 Materials/PSR_Psych_Science_E1_Materials/slideShow1-2/09.JPG","asset","ex1",NA,NA,"2026-03-31T16:38:31","Levi Baruch"
"0956797616672268","ntwek/Putnam_Sungkhasettee_amp_Roediger_Materials/Materials/PSR Psych Science E1 Materials/PSR_Psych_Science_E1_Materials/slideShow1-2/10.JPG","asset","ex1",NA,NA,"2026-03-31T16:38:31","Levi Baruch"
"0956797616672268","ntwek/Putnam_Sungkhasettee_amp_Roediger_Materials/Materials/PSR Psych Science E1 Materials/PSR_Psych_Science_E1_Materials/slideShow1-2/11.JPG","asset","ex1",NA,NA,"2026-03-31T16:38:31","Levi Baruch"
"0956797616672268","ntwek/Putnam_Sungkhasettee_amp_Roediger_Materials/Materials/PSR Psych Science E1 Materials/PSR_Psych_Science_E1_Materials/slideShow1-2/12-20.JPG","asset","ex1",NA,NA,"2026-03-31T16:38:31","Levi Baruch"
"0956797616672268","ntwek/Putnam_Sungkhasettee_amp_Roediger_Materials/Materials/PSR Psych Science E1 Materials/PSR_Psych_Science_E1_Materials/slideShow1-2/13.JPG","asset","ex1",NA,NA,"2026-03-31T16:38:31","Levi Baruch"
"0956797616672268","ntwek/Putnam_Sungkhasettee_amp_Roediger_Materials/Materials/PSR Psych Science E1 Materials/PSR_Psych_Science_E1_Materials/slideShow1-2/14.JPG","asset","ex1",NA,NA,"2026-03-31T16:38:31","Levi Baruch"
"0956797616672268","ntwek/Putnam_Sungkhasettee_amp_Roediger_Materials/Materials/PSR Psych Science E1 Materials/PSR_Psych_Science_E1_Materials/slideShow1-2/15.JPG","asset","ex1",NA,NA,"2026-03-31T16:38:31","Levi Baruch"
"0956797616672268","ntwek/Putnam_Sungkhasettee_amp_Roediger_Materials/Materials/PSR Psych Science E1 Materials/PSR_Psych_Science_E1_Materials/slideShow1-2/16.JPG","asset","ex1",NA,NA,"2026-03-31T16:38:31","Levi Baruch"
"0956797616672268","ntwek/Putnam_Sungkhasettee_amp_Roediger_Materials/Materials/PSR Psych Science E1 Materials/PSR_Psych_Science_E1_Materials/slideShow1-2/17.JPG","asset","ex1",NA,NA,"2026-03-31T16:38:31","Levi Baruch"
"0956797616672268","ntwek/Putnam_Sungkhasettee_amp_Roediger_Materials/Materials/PSR Psych Science E1 Materials/PSR_Psych_Science_E1_Materials/slideShow1-2/18.JPG","asset","ex1",NA,NA,"2026-03-31T16:38:31","Levi Baruch"
"0956797616672268","ntwek/Putnam_Sungkhasettee_amp_Roediger_Materials/Materials/PSR Psych Science E1 Materials/PSR_Psych_Science_E1_Materials/slideShow1-2/19.JPG","asset","ex1",NA,NA,"2026-03-31T16:38:31","Levi Baruch"
"0956797616672268","ntwek/Putnam_Sungkhasettee_amp_Roediger_Materials/Materials/PSR Psych Science E1 Materials/PSR_Psych_Science_E1_Materials/slideShow1-2/20.JPG","asset","ex1",NA,NA,"2026-03-31T16:38:31","Levi Baruch"
"0956797616672268","ntwek/Putnam_Sungkhasettee_amp_Roediger_Materials/Materials/PSR Psych Science E1 Materials/PSR_Psych_Science_E1_Materials/slideShow1-2/21-open.JPG","asset","ex1",NA,NA,"2026-03-31T16:38:31","Levi Baruch"
"0956797616672268","ntwek/Putnam_Sungkhasettee_amp_Roediger_Materials/Materials/PSR Psych Science E1 Materials/PSR_Psych_Science_E1_Materials/slideShow1-2/22.JPG","asset","ex1",NA,NA,"2026-03-31T16:38:31","Levi Baruch"
"0956797616672268","ntwek/Putnam_Sungkhasettee_amp_Roediger_Materials/Materials/PSR Psych Science E1 Materials/PSR_Psych_Science_E1_Materials/slideShow1-2/23.JPG","asset","ex1",NA,NA,"2026-03-31T16:38:31","Levi Baruch"
"0956797616672268","ntwek/Putnam_Sungkhasettee_amp_Roediger_Materials/Materials/PSR Psych Science E1 Materials/PSR_Psych_Science_E1_Materials/slideShow1-2/24.JPG","asset","ex1",NA,NA,"2026-03-31T16:38:31","Levi Baruch"
"0956797616672268","ntwek/Putnam_Sungkhasettee_amp_Roediger_Materials/Materials/PSR Psych Science E1 Materials/PSR_Psych_Science_E1_Materials/slideShow1-2/25.JPG","asset","ex1",NA,NA,"2026-03-31T16:38:31","Levi Baruch"
"0956797616672268","ntwek/Putnam_Sungkhasettee_amp_Roediger_Materials/Materials/PSR Psych Science E1 Materials/PSR_Psych_Science_E1_Materials/slideShow1-2/26.JPG","asset","ex1",NA,NA,"2026-03-31T16:38:31","Levi Baruch"
"0956797616672268","ntwek/Putnam_Sungkhasettee_amp_Roediger_Materials/Materials/PSR Psych Science E1 Materials/PSR_Psych_Science_E1_Materials/slideShow1-2/27-stranger.JPG","asset","ex1",NA,NA,"2026-03-31T16:38:31","Levi Baruch"
"0956797616672268","ntwek/Putnam_Sungkhasettee_amp_Roediger_Materials/Materials/PSR Psych Science E1 Materials/PSR_Psych_Science_E1_Materials/slideShow1-2/28.JPG","asset","ex1",NA,NA,"2026-03-31T16:38:31","Levi Baruch"
"0956797616672268","ntwek/Putnam_Sungkhasettee_amp_Roediger_Materials/Materials/PSR Psych Science E1 Materials/PSR_Psych_Science_E1_Materials/slideShow1-2/29-m.JPG","asset","ex1",NA,NA,"2026-03-31T16:38:31","Levi Baruch"
"0956797616672268","ntwek/Putnam_Sungkhasettee_amp_Roediger_Materials/Materials/PSR Psych Science E1 Materials/PSR_Psych_Science_E1_Materials/slideShow1-2/30-rings&watches.JPG","asset","ex1",NA,NA,"2026-03-31T16:38:31","Levi Baruch"
"0956797616672268","ntwek/Putnam_Sungkhasettee_amp_Roediger_Materials/Materials/PSR Psych Science E1 Materials/PSR_Psych_Science_E1_Materials/slideShow1-2/31.JPG","asset","ex1",NA,NA,"2026-03-31T16:38:31","Levi Baruch"
"0956797616672268","ntwek/Putnam_Sungkhasettee_amp_Roediger_Materials/Materials/PSR Psych Science E1 Materials/PSR_Psych_Science_E1_Materials/slideShow1-2/32.JPG","asset","ex1",NA,NA,"2026-03-31T16:38:31","Levi Baruch"
"0956797616672268","ntwek/Putnam_Sungkhasettee_amp_Roediger_Materials/Materials/PSR Psych Science E1 Materials/PSR_Psych_Science_E1_Materials/slideShow1-2/33-right.JPG","asset","ex1",NA,NA,"2026-03-31T16:38:31","Levi Baruch"
"0956797616672268","ntwek/Putnam_Sungkhasettee_amp_Roediger_Materials/Materials/PSR Psych Science E1 Materials/PSR_Psych_Science_E1_Materials/slideShow1-2/34-kick.JPG","asset","ex1",NA,NA,"2026-03-31T16:38:31","Levi Baruch"
"0956797616672268","ntwek/Putnam_Sungkhasettee_amp_Roediger_Materials/Materials/PSR Psych Science E1 Materials/PSR_Psych_Science_E1_Materials/slideShow1-2/35.JPG","asset","ex1",NA,NA,"2026-03-31T16:38:31","Levi Baruch"
"0956797616672268","ntwek/Putnam_Sungkhasettee_amp_Roediger_Materials/Materials/PSR Psych Science E1 Materials/PSR_Psych_Science_E1_Materials/slideShow1-2/36.JPG","asset","ex1",NA,NA,"2026-03-31T16:38:31","Levi Baruch"
"0956797616672268","ntwek/Putnam_Sungkhasettee_amp_Roediger_Materials/Materials/PSR Psych Science E1 Materials/PSR_Psych_Science_E1_Materials/slideShow1-2/37.JPG","asset","ex1",NA,NA,"2026-03-31T16:38:31","Levi Baruch"
"0956797616672268","ntwek/Putnam_Sungkhasettee_amp_Roediger_Materials/Materials/PSR Psych Science E1 Materials/PSR_Psych_Science_E1_Materials/slideShow1-2/38.JPG","asset","ex1",NA,NA,"2026-03-31T16:38:31","Levi Baruch"
"0956797616672268","ntwek/Putnam_Sungkhasettee_amp_Roediger_Materials/Materials/PSR Psych Science E1 Materials/PSR_Psych_Science_E1_Materials/slideShow1-2/39.JPG","asset","ex1",NA,NA,"2026-03-31T16:38:31","Levi Baruch"
"0956797616672268","ntwek/Putnam_Sungkhasettee_amp_Roediger_Materials/Materials/PSR Psych Science E1 Materials/PSR_Psych_Science_E1_Materials/slideShow1-2/40-tape.JPG","asset","ex1",NA,NA,"2026-03-31T16:38:31","Levi Baruch"
"0956797616672268","ntwek/Putnam_Sungkhasettee_amp_Roediger_Materials/Materials/PSR Psych Science E1 Materials/PSR_Psych_Science_E1_Materials/slideShow1-2/41-papercard.JPG","asset","ex1",NA,NA,"2026-03-31T16:38:31","Levi Baruch"
"0956797616672268","ntwek/Putnam_Sungkhasettee_amp_Roediger_Materials/Materials/PSR Psych Science E1 Materials/PSR_Psych_Science_E1_Materials/slideShow1-2/42.JPG","asset","ex1",NA,NA,"2026-03-31T16:38:31","Levi Baruch"
"0956797616672268","ntwek/Putnam_Sungkhasettee_amp_Roediger_Materials/Materials/PSR Psych Science E1 Materials/PSR_Psych_Science_E1_Materials/slideShow1-2/43.JPG","asset","ex1",NA,NA,"2026-03-31T16:38:31","Levi Baruch"
"0956797616672268","ntwek/Putnam_Sungkhasettee_amp_Roediger_Materials/Materials/PSR Psych Science E1 Materials/PSR_Psych_Science_E1_Materials/slideShow1-2/44.JPG","asset","ex1",NA,NA,"2026-03-31T16:38:31","Levi Baruch"
"0956797616672268","ntwek/Putnam_Sungkhasettee_amp_Roediger_Materials/Materials/PSR Psych Science E1 Materials/PSR_Psych_Science_E1_Materials/slideShow1-2/45-right.JPG","asset","ex1",NA,NA,"2026-03-31T16:38:31","Levi Baruch"
"0956797616672268","ntwek/Putnam_Sungkhasettee_amp_Roediger_Materials/Materials/PSR Psych Science E1 Materials/PSR_Psych_Science_E1_Materials/slideShow1-2/46.JPG","asset","ex1",NA,NA,"2026-03-31T16:38:31","Levi Baruch"
"0956797616672268","ntwek/Putnam_Sungkhasettee_amp_Roediger_Materials/Materials/PSR Psych Science E1 Materials/PSR_Psych_Science_E1_Materials/slideShow1-2/47.JPG","asset","ex1",NA,NA,"2026-03-31T16:38:31","Levi Baruch"
"0956797616672268","ntwek/Putnam_Sungkhasettee_amp_Roediger_Materials/Materials/PSR Psych Science E1 Materials/PSR_Psych_Science_E1_Materials/slideShow1-2/48.JPG","asset","ex1",NA,NA,"2026-03-31T16:38:31","Levi Baruch"
"0956797616672268","ntwek/Putnam_Sungkhasettee_amp_Roediger_Materials/Materials/PSR Psych Science E1 Materials/PSR_Psych_Science_E1_Materials/slideShow1-2/49.JPG","asset","ex1",NA,NA,"2026-03-31T16:38:31","Levi Baruch"
"0956797616672268","ntwek/Putnam_Sungkhasettee_amp_Roediger_Materials/Materials/PSR Psych Science E1 Materials/PSR_Psych_Science_E1_Materials/slideShow1-2/50-hat.JPG","asset","ex1",NA,NA,"2026-03-31T16:38:31","Levi Baruch"
"0956797616672268","ntwek/Putnam_Sungkhasettee_amp_Roediger_Materials/Materials/PSR Psych Science E1 Materials/PSR_Psych_Science_E1_Materials/slideShow1-2/pix.txt","asset","ex1",NA,NA,"2026-03-31T16:38:42","Levi Baruch"
"0956797616672268","ntwek/Putnam_Sungkhasettee_amp_Roediger_Materials/Materials/PSR Psych Science E1 Materials/PSR_Psych_Science_E1_Materials/slideShow1-2/text.txt","asset","ex1",NA,NA,"2026-03-31T16:38:42","Levi Baruch"
